0 verbose cli C:\Program Files\nodejs\node.exe C:\Program Files\nodejs\node_modules\npm\bin\npm-cli.js
1 info using npm@10.9.0
2 info using node@v22.11.0
3 silly config load:file:C:\Program Files\nodejs\node_modules\npm\npmrc
4 silly config load:file:C:\xampp\htdocs\sergio-portfolio\sergio-portfolio\.npmrc
5 silly config load:file:C:\Users\Rj\.npmrc
6 silly config load:file:C:\Users\Rj\AppData\Roaming\npm\etc\npmrc
7 verbose title npm install
8 verbose argv "install"
9 verbose logfile logs-max:10 dir:C:\xampp\htdocs\sergio-portfolio\sergio-portfolio\.npm-cache\_logs\2026-09-29T05_20_54_709Z-
10 verbose logfile C:\xampp\htdocs\sergio-portfolio\sergio-portfolio\.npm-cache\_logs\2026-09-29T05_20_54_709Z-debug-0.log
11 silly logfile done cleaning log files
12 silly packumentCache heap:2197815296 maxSize:549453824 maxEntrySize:274726912
13 silly idealTree buildDeps
14 silly fetch manifest @tailwindcss/vite@^4.1.0
15 silly packumentCache full:https://registry.npmjs.org/@tailwindcss%2fvite cache-miss
16 http fetch GET 200 https://registry.npmjs.org/npm 2330ms
17 http fetch GET 200 https://registry.npmjs.org/@tailwindcss%2fvite 2540ms (cache miss)
18 silly packumentCache full:https://registry.npmjs.org/@tailwindcss%2fvite set size:undefined disposed:false
19 silly fetch manifest vite@^6.3.0
20 silly packumentCache full:https://registry.npmjs.org/vite cache-miss
21 http fetch GET 200 https://registry.npmjs.org/vite 9434ms (cache miss)
22 silly packumentCache full:https://registry.npmjs.org/vite set size:undefined disposed:false
23 silly fetch manifest @types/node@^18.0.0 || ^20.0.0 || >=22.0.0
24 silly packumentCache full:https://registry.npmjs.org/@types%2fnode cache-miss
25 http fetch GET 200 https://registry.npmjs.org/@types%2fnode 2943ms (cache miss)
26 silly packumentCache full:https://registry.npmjs.org/@types%2fnode set size:undefined disposed:false
27 silly fetch manifest jiti@>=1.21.0
28 silly packumentCache full:https://registry.npmjs.org/jiti cache-miss
29 http fetch GET 200 https://registry.npmjs.org/jiti 206ms (cache miss)
30 silly packumentCache full:https://registry.npmjs.org/jiti set size:undefined disposed:false
31 silly fetch manifest less@*
32 silly packumentCache full:https://registry.npmjs.org/less cache-miss
33 http fetch GET 200 https://registry.npmjs.org/less 214ms (cache miss)
34 silly packumentCache full:https://registry.npmjs.org/less set size:undefined disposed:false
35 silly fetch manifest lightningcss@^1.21.0
36 silly packumentCache full:https://registry.npmjs.org/lightningcss cache-miss
37 http fetch GET 200 https://registry.npmjs.org/lightningcss 270ms (cache miss)
38 silly packumentCache full:https://registry.npmjs.org/lightningcss set size:undefined disposed:false
39 silly fetch manifest sass@*
40 silly packumentCache full:https://registry.npmjs.org/sass cache-miss
41 http fetch GET 200 https://registry.npmjs.org/sass 406ms (cache miss)
42 silly packumentCache full:https://registry.npmjs.org/sass set size:undefined disposed:false
43 silly fetch manifest sass-embedded@*
44 silly packumentCache full:https://registry.npmjs.org/sass-embedded cache-miss
45 http fetch GET 200 https://registry.npmjs.org/sass-embedded 359ms (cache miss)
46 silly packumentCache full:https://registry.npmjs.org/sass-embedded set size:undefined disposed:false
47 silly fetch manifest stylus@*
48 silly packumentCache full:https://registry.npmjs.org/stylus cache-miss
49 http fetch GET 200 https://registry.npmjs.org/stylus 139ms (cache miss)
50 silly packumentCache full:https://registry.npmjs.org/stylus set size:undefined disposed:false
51 silly fetch manifest sugarss@*
52 silly packumentCache full:https://registry.npmjs.org/sugarss cache-miss
53 http fetch GET 200 https://registry.npmjs.org/sugarss 241ms (cache miss)
54 silly packumentCache full:https://registry.npmjs.org/sugarss set size:undefined disposed:false
55 silly fetch manifest postcss@^8.3.3
56 silly packumentCache full:https://registry.npmjs.org/postcss cache-miss
57 http fetch GET 200 https://registry.npmjs.org/postcss 540ms (cache miss)
58 silly packumentCache full:https://registry.npmjs.org/postcss set size:undefined disposed:false
59 silly fetch manifest terser@^5.16.0
60 silly packumentCache full:https://registry.npmjs.org/terser cache-miss
61 http fetch GET 200 https://registry.npmjs.org/terser 388ms (cache miss)
62 silly packumentCache full:https://registry.npmjs.org/terser set size:undefined disposed:false
63 silly fetch manifest tsx@^4.8.1
64 silly packumentCache full:https://registry.npmjs.org/tsx cache-miss
65 http fetch GET 200 https://registry.npmjs.org/tsx 225ms (cache miss)
66 silly packumentCache full:https://registry.npmjs.org/tsx set size:undefined disposed:false
67 silly fetch manifest yaml@^2.4.2
68 silly packumentCache full:https://registry.npmjs.org/yaml cache-miss
69 http fetch GET 200 https://registry.npmjs.org/yaml 215ms (cache miss)
70 silly packumentCache full:https://registry.npmjs.org/yaml set size:undefined disposed:false
71 silly fetch manifest @vitejs/plugin-react@^4.4.0
72 silly packumentCache full:https://registry.npmjs.org/@vitejs%2fplugin-react cache-miss
73 http fetch GET 200 https://registry.npmjs.org/@vitejs%2fplugin-react 164ms (cache miss)
74 silly packumentCache full:https://registry.npmjs.org/@vitejs%2fplugin-react set size:undefined disposed:false
75 silly fetch manifest tailwindcss@^4.1.0
76 silly packumentCache full:https://registry.npmjs.org/tailwindcss cache-miss
77 http fetch GET 200 https://registry.npmjs.org/tailwindcss 2839ms (cache miss)
78 silly packumentCache full:https://registry.npmjs.org/tailwindcss set size:undefined disposed:false
79 silly fetch manifest react@^19.0.0
80 silly packumentCache full:https://registry.npmjs.org/react cache-miss
81 http fetch GET 200 https://registry.npmjs.org/react 3082ms (cache miss)
82 silly packumentCache full:https://registry.npmjs.org/react set size:undefined disposed:false
83 silly fetch manifest react-dom@^19.0.0
84 silly packumentCache full:https://registry.npmjs.org/react-dom cache-miss
85 http fetch GET 200 https://registry.npmjs.org/react-dom 3039ms (cache miss)
86 silly packumentCache full:https://registry.npmjs.org/react-dom set size:undefined disposed:false
87 silly placeDep ROOT @tailwindcss/vite@4.3.3 OK for: sergio-portfolio@0.0.0 want: ^4.1.0
88 silly placeDep ROOT vite@6.4.3 OK for: @tailwindcss/vite@4.3.3 want: ^5.2.0 || ^6 || ^7 || ^8
89 silly placeDep ROOT @vitejs/plugin-react@4.7.0 OK for: sergio-portfolio@0.0.0 want: ^4.4.0
90 silly placeDep ROOT react@19.3.0 OK for: sergio-portfolio@0.0.0 want: ^19.0.0
91 silly placeDep ROOT react-dom@19.3.0 OK for: sergio-portfolio@0.0.0 want: ^19.0.0
92 silly placeDep ROOT tailwindcss@4.3.3 OK for: sergio-portfolio@0.0.0 want: ^4.1.0
93 silly fetch manifest tailwindcss@4.3.3
94 silly packumentCache full:https://registry.npmjs.org/tailwindcss cache-miss
95 silly fetch manifest @tailwindcss/node@4.3.3
96 silly packumentCache full:https://registry.npmjs.org/@tailwindcss%2fnode cache-miss
97 silly fetch manifest @tailwindcss/oxide@4.3.3
98 silly packumentCache full:https://registry.npmjs.org/@tailwindcss%2foxide cache-miss
99 silly fetch manifest fdir@^6.4.4
100 silly packumentCache full:https://registry.npmjs.org/fdir cache-miss
101 silly fetch manifest rollup@^4.34.9
102 silly packumentCache full:https://registry.npmjs.org/rollup cache-miss
103 silly fetch manifest esbuild@^0.25.0
104 silly packumentCache full:https://registry.npmjs.org/esbuild cache-miss
105 silly fetch manifest postcss@^8.5.3
106 silly packumentCache full:https://registry.npmjs.org/postcss cache-miss
107 http fetch GET 200 https://registry.npmjs.org/postcss 46ms (cache hit)
108 silly packumentCache full:https://registry.npmjs.org/postcss set size:766699 disposed:false
109 silly fetch manifest picomatch@^4.0.2
110 silly packumentCache full:https://registry.npmjs.org/picomatch cache-miss
111 http fetch GET 200 https://registry.npmjs.org/tailwindcss 76ms (cache hit)
112 silly packumentCache full:https://registry.npmjs.org/tailwindcss set size:10893093 disposed:false
113 silly fetch manifest tinyglobby@^0.2.13
114 silly packumentCache full:https://registry.npmjs.org/tinyglobby cache-miss
115 http fetch GET 200 https://registry.npmjs.org/fdir 492ms (cache miss)
116 silly packumentCache full:https://registry.npmjs.org/fdir set size:undefined disposed:false
117 silly fetch manifest fsevents@~2.3.3
118 silly packumentCache full:https://registry.npmjs.org/fsevents cache-miss
119 http fetch GET 200 https://registry.npmjs.org/tinyglobby 434ms (cache miss)
120 silly packumentCache full:https://registry.npmjs.org/tinyglobby set size:undefined disposed:false
121 silly fetch manifest @babel/core@^7.28.0
122 silly packumentCache full:https://registry.npmjs.org/@babel%2fcore cache-miss
123 http fetch GET 200 https://registry.npmjs.org/picomatch 874ms (cache miss)
124 silly packumentCache full:https://registry.npmjs.org/picomatch set size:undefined disposed:false
125 silly fetch manifest react-refresh@^0.17.0
126 silly packumentCache full:https://registry.npmjs.org/react-refresh cache-miss
127 http fetch GET 200 https://registry.npmjs.org/fsevents 443ms (cache miss)
128 silly packumentCache full:https://registry.npmjs.org/fsevents set size:undefined disposed:false
129 silly fetch manifest @types/babel__core@^7.20.5
130 silly packumentCache full:https://registry.npmjs.org/@types%2fbabel__core cache-miss
131 http fetch GET 200 https://registry.npmjs.org/@types%2fbabel__core 1003ms (cache miss)
132 silly packumentCache full:https://registry.npmjs.org/@types%2fbabel__core set size:undefined disposed:false
133 silly fetch manifest @rolldown/pluginutils@1.0.0-beta.27
134 silly packumentCache full:https://registry.npmjs.org/@rolldown%2fpluginutils cache-miss
135 http fetch GET 200 https://registry.npmjs.org/@tailwindcss%2fnode 3042ms (cache miss)
136 silly packumentCache full:https://registry.npmjs.org/@tailwindcss%2fnode set size:undefined disposed:false
137 silly fetch manifest @babel/plugin-transform-react-jsx-self@^7.27.1
138 silly packumentCache full:https://registry.npmjs.org/@babel%2fplugin-transform-react-jsx-self cache-miss
139 http fetch GET 200 https://registry.npmjs.org/@babel%2fplugin-transform-react-jsx-self 750ms (cache miss)
140 silly packumentCache full:https://registry.npmjs.org/@babel%2fplugin-transform-react-jsx-self set size:undefined disposed:false
141 silly fetch manifest @babel/plugin-transform-react-jsx-source@^7.27.1
142 silly packumentCache full:https://registry.npmjs.org/@babel%2fplugin-transform-react-jsx-source cache-miss
143 http fetch GET 200 https://registry.npmjs.org/@tailwindcss%2foxide 4105ms (cache miss)
144 silly packumentCache full:https://registry.npmjs.org/@tailwindcss%2foxide set size:undefined disposed:false
145 silly fetch manifest scheduler@^0.28.0
146 silly packumentCache full:https://registry.npmjs.org/scheduler cache-miss
147 http fetch GET 200 https://registry.npmjs.org/@babel%2fplugin-transform-react-jsx-source 658ms (cache miss)
148 silly packumentCache full:https://registry.npmjs.org/@babel%2fplugin-transform-react-jsx-source set size:undefined disposed:false
149 http fetch GET 200 https://registry.npmjs.org/@rolldown%2fpluginutils 2773ms (cache miss)
150 silly packumentCache full:https://registry.npmjs.org/@rolldown%2fpluginutils set size:undefined disposed:false
151 http fetch GET 200 https://registry.npmjs.org/esbuild 6386ms (cache miss)
152 silly packumentCache full:https://registry.npmjs.org/esbuild set size:undefined disposed:false
153 http fetch GET 200 https://registry.npmjs.org/@babel%2fcore 6041ms (cache miss)
154 silly packumentCache full:https://registry.npmjs.org/@babel%2fcore set size:undefined disposed:false
155 http fetch GET 200 https://registry.npmjs.org/rollup 6660ms (cache miss)
156 silly packumentCache full:https://registry.npmjs.org/rollup set size:undefined disposed:false
157 http fetch GET 200 https://registry.npmjs.org/scheduler 4760ms (cache miss)
158 silly packumentCache full:https://registry.npmjs.org/scheduler set size:undefined disposed:false
159 http fetch GET 200 https://registry.npmjs.org/react-refresh 9084ms (cache miss)
160 silly packumentCache full:https://registry.npmjs.org/react-refresh set size:undefined disposed:false
161 silly placeDep ROOT @tailwindcss/node@4.3.3 OK for: @tailwindcss/vite@4.3.3 want: 4.3.3
162 silly placeDep ROOT @tailwindcss/oxide@4.3.3 OK for: @tailwindcss/vite@4.3.3 want: 4.3.3
163 silly fetch manifest jiti@^2.7.0
164 silly packumentCache full:https://registry.npmjs.org/jiti cache-miss
165 silly fetch manifest lightningcss@1.32.0
166 silly packumentCache full:https://registry.npmjs.org/lightningcss cache-miss
167 silly fetch manifest magic-string@^0.30.21
168 silly packumentCache full:https://registry.npmjs.org/magic-string cache-miss
169 silly fetch manifest source-map-js@^1.2.1
170 silly packumentCache full:https://registry.npmjs.org/source-map-js cache-miss
171 silly fetch manifest enhanced-resolve@^5.24.1
172 silly packumentCache full:https://registry.npmjs.org/enhanced-resolve cache-miss
173 silly fetch manifest @jridgewell/remapping@^2.3.5
174 silly packumentCache full:https://registry.npmjs.org/@jridgewell%2fremapping cache-miss
175 silly fetch manifest @tailwindcss/oxide-darwin-x64@4.3.3
176 silly packumentCache full:https://registry.npmjs.org/@tailwindcss%2foxide-darwin-x64 cache-miss
177 http fetch GET 200 https://registry.npmjs.org/jiti 24ms (cache hit)
178 silly packumentCache full:https://registry.npmjs.org/jiti set size:387989 disposed:false
179 silly fetch manifest @tailwindcss/oxide-freebsd-x64@4.3.3
180 silly packumentCache full:https://registry.npmjs.org/@tailwindcss%2foxide-freebsd-x64 cache-miss
181 http fetch GET 200 https://registry.npmjs.org/lightningcss 28ms (cache hit)
182 silly packumentCache full:https://registry.npmjs.org/lightningcss set size:191065 disposed:false
183 silly fetch manifest @tailwindcss/oxide-wasm32-wasi@4.3.3
184 silly packumentCache full:https://registry.npmjs.org/@tailwindcss%2foxide-wasm32-wasi cache-miss
185 http fetch GET 200 https://registry.npmjs.org/source-map-js 104ms (cache miss)
186 silly packumentCache full:https://registry.npmjs.org/source-map-js set size:undefined disposed:false
187 silly fetch manifest @tailwindcss/oxide-darwin-arm64@4.3.3
188 silly packumentCache full:https://registry.npmjs.org/@tailwindcss%2foxide-darwin-arm64 cache-miss
189 http fetch GET 200 https://registry.npmjs.org/@jridgewell%2fremapping 243ms (cache miss)
190 silly packumentCache full:https://registry.npmjs.org/@jridgewell%2fremapping set size:undefined disposed:false
191 silly fetch manifest @tailwindcss/oxide-android-arm64@4.3.3
192 silly packumentCache full:https://registry.npmjs.org/@tailwindcss%2foxide-android-arm64 cache-miss
193 http fetch GET 200 https://registry.npmjs.org/magic-string 521ms (cache miss)
194 silly packumentCache full:https://registry.npmjs.org/magic-string set size:undefined disposed:false
195 silly fetch manifest @tailwindcss/oxide-linux-x64-gnu@4.3.3
196 silly packumentCache full:https://registry.npmjs.org/@tailwindcss%2foxide-linux-x64-gnu cache-miss
197 http fetch GET 200 https://registry.npmjs.org/enhanced-resolve 801ms (cache miss)
198 silly packumentCache full:https://registry.npmjs.org/enhanced-resolve set size:undefined disposed:false
199 silly fetch manifest @tailwindcss/oxide-linux-x64-musl@4.3.3
200 silly packumentCache full:https://registry.npmjs.org/@tailwindcss%2foxide-linux-x64-musl cache-miss
201 http fetch GET 200 https://registry.npmjs.org/@tailwindcss%2foxide-wasm32-wasi 2864ms (cache miss)
202 silly packumentCache full:https://registry.npmjs.org/@tailwindcss%2foxide-wasm32-wasi set size:undefined disposed:false
203 silly fetch manifest @tailwindcss/oxide-win32-x64-msvc@4.3.3
204 silly packumentCache full:https://registry.npmjs.org/@tailwindcss%2foxide-win32-x64-msvc cache-miss
205 http fetch GET 200 https://registry.npmjs.org/@tailwindcss%2foxide-android-arm64 2913ms (cache miss)
206 silly packumentCache full:https://registry.npmjs.org/@tailwindcss%2foxide-android-arm64 set size:undefined disposed:false
207 silly fetch manifest @tailwindcss/oxide-linux-arm64-gnu@4.3.3
208 silly packumentCache full:https://registry.npmjs.org/@tailwindcss%2foxide-linux-arm64-gnu cache-miss
209 http fetch GET 200 https://registry.npmjs.org/@tailwindcss%2foxide-freebsd-x64 4036ms (cache miss)
210 silly packumentCache full:https://registry.npmjs.org/@tailwindcss%2foxide-freebsd-x64 set size:undefined disposed:false
211 silly fetch manifest @tailwindcss/oxide-linux-arm64-musl@4.3.3
212 silly packumentCache full:https://registry.npmjs.org/@tailwindcss%2foxide-linux-arm64-musl cache-miss
213 http fetch GET 200 https://registry.npmjs.org/@tailwindcss%2foxide-darwin-arm64 5727ms (cache miss)
214 silly packumentCache full:https://registry.npmjs.org/@tailwindcss%2foxide-darwin-arm64 set size:undefined disposed:false
215 silly fetch manifest @tailwindcss/oxide-win32-arm64-msvc@4.3.3
216 silly packumentCache full:https://registry.npmjs.org/@tailwindcss%2foxide-win32-arm64-msvc cache-miss
217 http fetch GET 200 https://registry.npmjs.org/@tailwindcss%2foxide-linux-x64-gnu 6684ms (cache miss)
218 silly packumentCache full:https://registry.npmjs.org/@tailwindcss%2foxide-linux-x64-gnu set size:undefined disposed:false
219 silly fetch manifest @tailwindcss/oxide-linux-arm-gnueabihf@4.3.3
220 silly packumentCache full:https://registry.npmjs.org/@tailwindcss%2foxide-linux-arm-gnueabihf cache-miss
221 http fetch GET 200 https://registry.npmjs.org/@tailwindcss%2foxide-linux-x64-musl 7650ms (cache miss)
222 silly packumentCache full:https://registry.npmjs.org/@tailwindcss%2foxide-linux-x64-musl set size:undefined disposed:false
223 http fetch GET 200 https://registry.npmjs.org/@tailwindcss%2foxide-win32-x64-msvc 5782ms (cache miss)
224 silly packumentCache full:https://registry.npmjs.org/@tailwindcss%2foxide-win32-x64-msvc set size:undefined disposed:false
225 http fetch GET 200 https://registry.npmjs.org/@tailwindcss%2foxide-linux-arm64-gnu 5593ms (cache miss)
226 silly packumentCache full:https://registry.npmjs.org/@tailwindcss%2foxide-linux-arm64-gnu set size:undefined disposed:false
227 http fetch GET 200 https://registry.npmjs.org/@tailwindcss%2foxide-linux-arm64-musl 4813ms (cache miss)
228 silly packumentCache full:https://registry.npmjs.org/@tailwindcss%2foxide-linux-arm64-musl set size:undefined disposed:false
229 http fetch GET 200 https://registry.npmjs.org/@tailwindcss%2foxide-win32-arm64-msvc 3305ms (cache miss)
230 silly packumentCache full:https://registry.npmjs.org/@tailwindcss%2foxide-win32-arm64-msvc set size:undefined disposed:false
231 http fetch GET 200 https://registry.npmjs.org/@tailwindcss%2foxide-darwin-x64 9607ms (cache miss)
232 silly packumentCache full:https://registry.npmjs.org/@tailwindcss%2foxide-darwin-x64 set size:undefined disposed:false
233 http fetch GET 200 https://registry.npmjs.org/@tailwindcss%2foxide-linux-arm-gnueabihf 3520ms (cache miss)
234 silly packumentCache full:https://registry.npmjs.org/@tailwindcss%2foxide-linux-arm-gnueabihf set size:undefined disposed:false
235 silly placeDep ROOT @jridgewell/remapping@2.3.5 OK for: @tailwindcss/node@4.3.3 want: ^2.3.5
236 silly placeDep ROOT enhanced-resolve@5.25.1 OK for: @tailwindcss/node@4.3.3 want: ^5.24.1
237 silly placeDep ROOT jiti@2.7.0 OK for: @tailwindcss/node@4.3.3 want: ^2.7.0
238 silly placeDep ROOT lightningcss@1.32.0 OK for: @tailwindcss/node@4.3.3 want: 1.32.0
239 silly placeDep ROOT magic-string@0.30.21 OK for: @tailwindcss/node@4.3.3 want: ^0.30.21
240 silly placeDep ROOT source-map-js@1.2.1 OK for: @tailwindcss/node@4.3.3 want: ^1.2.1
241 silly fetch manifest @jridgewell/gen-mapping@^0.3.5
242 silly packumentCache full:https://registry.npmjs.org/@jridgewell%2fgen-mapping cache-miss
243 silly fetch manifest @jridgewell/trace-mapping@^0.3.24
244 silly packumentCache full:https://registry.npmjs.org/@jridgewell%2ftrace-mapping cache-miss
245 silly fetch manifest tapable@^2.3.3
246 silly packumentCache full:https://registry.npmjs.org/tapable cache-miss
247 silly fetch manifest graceful-fs@^4.2.4
248 silly packumentCache full:https://registry.npmjs.org/graceful-fs cache-miss
249 silly fetch manifest detect-libc@^2.0.3
250 silly packumentCache full:https://registry.npmjs.org/detect-libc cache-miss
251 silly fetch manifest lightningcss-darwin-x64@1.32.0
252 silly packumentCache full:https://registry.npmjs.org/lightningcss-darwin-x64 cache-miss
253 silly fetch manifest lightningcss-freebsd-x64@1.32.0
254 silly packumentCache full:https://registry.npmjs.org/lightningcss-freebsd-x64 cache-miss
255 http fetch GET 200 https://registry.npmjs.org/detect-libc 133ms (cache miss)
256 silly packumentCache full:https://registry.npmjs.org/detect-libc set size:undefined disposed:false
257 silly fetch manifest lightningcss-darwin-arm64@1.32.0
258 silly packumentCache full:https://registry.npmjs.org/lightningcss-darwin-arm64 cache-miss
259 http fetch GET 200 https://registry.npmjs.org/lightningcss-freebsd-x64 297ms (cache miss)
260 silly packumentCache full:https://registry.npmjs.org/lightningcss-freebsd-x64 set size:undefined disposed:false
261 silly fetch manifest lightningcss-android-arm64@1.32.0
262 silly packumentCache full:https://registry.npmjs.org/lightningcss-android-arm64 cache-miss
263 http fetch GET 200 https://registry.npmjs.org/lightningcss-darwin-arm64 225ms (cache miss)
264 silly packumentCache full:https://registry.npmjs.org/lightningcss-darwin-arm64 set size:undefined disposed:false
265 silly fetch manifest lightningcss-linux-x64-gnu@1.32.0
266 silly packumentCache full:https://registry.npmjs.org/lightningcss-linux-x64-gnu cache-miss
267 http fetch GET 200 https://registry.npmjs.org/lightningcss-darwin-x64 462ms (cache miss)
268 silly packumentCache full:https://registry.npmjs.org/lightningcss-darwin-x64 set size:undefined disposed:false
269 silly fetch manifest lightningcss-linux-x64-musl@1.32.0
270 silly packumentCache full:https://registry.npmjs.org/lightningcss-linux-x64-musl cache-miss
271 http fetch GET 200 https://registry.npmjs.org/lightningcss-android-arm64 164ms (cache miss)
272 silly packumentCache full:https://registry.npmjs.org/lightningcss-android-arm64 set size:undefined disposed:false
273 silly fetch manifest lightningcss-win32-x64-msvc@1.32.0
274 silly packumentCache full:https://registry.npmjs.org/lightningcss-win32-x64-msvc cache-miss
275 http fetch GET 200 https://registry.npmjs.org/graceful-fs 484ms (cache miss)
276 silly packumentCache full:https://registry.npmjs.org/graceful-fs set size:undefined disposed:false
277 silly fetch manifest lightningcss-linux-arm64-gnu@1.32.0
278 silly packumentCache full:https://registry.npmjs.org/lightningcss-linux-arm64-gnu cache-miss
279 http fetch GET 200 https://registry.npmjs.org/@jridgewell%2ftrace-mapping 513ms (cache miss)
280 silly packumentCache full:https://registry.npmjs.org/@jridgewell%2ftrace-mapping set size:undefined disposed:false
281 silly fetch manifest lightningcss-linux-arm64-musl@1.32.0
282 silly packumentCache full:https://registry.npmjs.org/lightningcss-linux-arm64-musl cache-miss
283 http fetch GET 200 https://registry.npmjs.org/tapable 522ms (cache miss)
284 silly packumentCache full:https://registry.npmjs.org/tapable set size:undefined disposed:false
285 silly fetch manifest lightningcss-win32-arm64-msvc@1.32.0
286 silly packumentCache full:https://registry.npmjs.org/lightningcss-win32-arm64-msvc cache-miss
287 http fetch GET 200 https://registry.npmjs.org/lightningcss-linux-x64-gnu 199ms (cache miss)
288 silly packumentCache full:https://registry.npmjs.org/lightningcss-linux-x64-gnu set size:undefined disposed:false
289 silly fetch manifest lightningcss-linux-arm-gnueabihf@1.32.0
290 silly packumentCache full:https://registry.npmjs.org/lightningcss-linux-arm-gnueabihf cache-miss
291 http fetch GET 200 https://registry.npmjs.org/lightningcss-linux-x64-musl 158ms (cache miss)
292 silly packumentCache full:https://registry.npmjs.org/lightningcss-linux-x64-musl set size:undefined disposed:false
293 silly fetch manifest @jridgewell/sourcemap-codec@^1.5.5
294 silly packumentCache full:https://registry.npmjs.org/@jridgewell%2fsourcemap-codec cache-miss
295 http fetch GET 200 https://registry.npmjs.org/@jridgewell%2fgen-mapping 625ms (cache miss)
296 silly packumentCache full:https://registry.npmjs.org/@jridgewell%2fgen-mapping set size:undefined disposed:false
297 http fetch GET 200 https://registry.npmjs.org/lightningcss-win32-arm64-msvc 133ms (cache miss)
298 silly packumentCache full:https://registry.npmjs.org/lightningcss-win32-arm64-msvc set size:undefined disposed:false
299 http fetch GET 200 https://registry.npmjs.org/lightningcss-linux-arm64-gnu 218ms (cache miss)
300 silly packumentCache full:https://registry.npmjs.org/lightningcss-linux-arm64-gnu set size:undefined disposed:false
301 http fetch GET 200 https://registry.npmjs.org/lightningcss-win32-x64-msvc 263ms (cache miss)
302 silly packumentCache full:https://registry.npmjs.org/lightningcss-win32-x64-msvc set size:undefined disposed:false
303 http fetch GET 200 https://registry.npmjs.org/lightningcss-linux-arm-gnueabihf 178ms (cache miss)
304 silly packumentCache full:https://registry.npmjs.org/lightningcss-linux-arm-gnueabihf set size:undefined disposed:false
305 http fetch GET 200 https://registry.npmjs.org/lightningcss-linux-arm64-musl 391ms (cache miss)
306 silly packumentCache full:https://registry.npmjs.org/lightningcss-linux-arm64-musl set size:undefined disposed:false
307 http fetch GET 200 https://registry.npmjs.org/@jridgewell%2fsourcemap-codec 442ms (cache miss)
308 silly packumentCache full:https://registry.npmjs.org/@jridgewell%2fsourcemap-codec set size:undefined disposed:false
309 silly placeDep ROOT @jridgewell/gen-mapping@0.3.13 OK for: @jridgewell/remapping@2.3.5 want: ^0.3.5
310 silly placeDep ROOT @jridgewell/trace-mapping@0.3.31 OK for: @jridgewell/remapping@2.3.5 want: ^0.3.24
311 silly fetch manifest @jridgewell/sourcemap-codec@^1.5.0
312 silly packumentCache full:https://registry.npmjs.org/@jridgewell%2fsourcemap-codec cache-miss
313 silly fetch manifest @jridgewell/resolve-uri@^3.1.0
314 silly packumentCache full:https://registry.npmjs.org/@jridgewell%2fresolve-uri cache-miss
315 silly fetch manifest @jridgewell/sourcemap-codec@^1.4.14
316 silly packumentCache full:https://registry.npmjs.org/@jridgewell%2fsourcemap-codec cache-miss
317 http fetch GET 200 https://registry.npmjs.org/@jridgewell%2fsourcemap-codec 11ms (cache hit)
318 silly packumentCache full:https://registry.npmjs.org/@jridgewell%2fsourcemap-codec set size:65255 disposed:false
319 http fetch GET 200 https://registry.npmjs.org/@jridgewell%2fsourcemap-codec 12ms (cache hit)
320 silly packumentCache full:https://registry.npmjs.org/@jridgewell%2fsourcemap-codec set size:65255 disposed:false
321 silly packumentCache full:https://registry.npmjs.org/@jridgewell%2fsourcemap-codec dispose
322 http fetch GET 200 https://registry.npmjs.org/@jridgewell%2fresolve-uri 424ms (cache miss)
323 silly packumentCache full:https://registry.npmjs.org/@jridgewell%2fresolve-uri set size:undefined disposed:false
324 silly placeDep ROOT @jridgewell/sourcemap-codec@1.6.0 OK for: @jridgewell/gen-mapping@0.3.13 want: ^1.5.0
325 silly placeDep ROOT @jridgewell/resolve-uri@3.1.2 OK for: @jridgewell/trace-mapping@0.3.31 want: ^3.1.0
326 silly placeDep ROOT @tailwindcss/oxide-android-arm64@4.3.3 OK for: @tailwindcss/oxide@4.3.3 want: 4.3.3
327 silly placeDep ROOT @tailwindcss/oxide-darwin-arm64@4.3.3 OK for: @tailwindcss/oxide@4.3.3 want: 4.3.3
328 silly placeDep ROOT @tailwindcss/oxide-darwin-x64@4.3.3 OK for: @tailwindcss/oxide@4.3.3 want: 4.3.3
329 silly placeDep ROOT @tailwindcss/oxide-freebsd-x64@4.3.3 OK for: @tailwindcss/oxide@4.3.3 want: 4.3.3
330 silly placeDep ROOT @tailwindcss/oxide-linux-arm-gnueabihf@4.3.3 OK for: @tailwindcss/oxide@4.3.3 want: 4.3.3
331 silly placeDep ROOT @tailwindcss/oxide-linux-arm64-gnu@4.3.3 OK for: @tailwindcss/oxide@4.3.3 want: 4.3.3
332 silly placeDep ROOT @tailwindcss/oxide-linux-arm64-musl@4.3.3 OK for: @tailwindcss/oxide@4.3.3 want: 4.3.3
333 silly placeDep ROOT @tailwindcss/oxide-linux-x64-gnu@4.3.3 OK for: @tailwindcss/oxide@4.3.3 want: 4.3.3
334 silly placeDep ROOT @tailwindcss/oxide-linux-x64-musl@4.3.3 OK for: @tailwindcss/oxide@4.3.3 want: 4.3.3
335 silly placeDep ROOT @tailwindcss/oxide-wasm32-wasi@4.3.3 OK for: @tailwindcss/oxide@4.3.3 want: 4.3.3
336 silly placeDep ROOT @tailwindcss/oxide-win32-arm64-msvc@4.3.3 OK for: @tailwindcss/oxide@4.3.3 want: 4.3.3
337 silly placeDep ROOT @tailwindcss/oxide-win32-x64-msvc@4.3.3 OK for: @tailwindcss/oxide@4.3.3 want: 4.3.3
338 silly placeDep ROOT @babel/core@7.29.7 OK for: @vitejs/plugin-react@4.7.0 want: ^7.28.0
339 silly placeDep ROOT @babel/plugin-transform-react-jsx-self@7.29.7 OK for: @vitejs/plugin-react@4.7.0 want: ^7.27.1
340 silly placeDep ROOT @babel/plugin-transform-react-jsx-source@7.29.7 OK for: @vitejs/plugin-react@4.7.0 want: ^7.27.1
341 silly placeDep ROOT @rolldown/pluginutils@1.0.0-beta.27 OK for: @vitejs/plugin-react@4.7.0 want: 1.0.0-beta.27
342 silly placeDep ROOT @types/babel__core@7.20.5 OK for: @vitejs/plugin-react@4.7.0 want: ^7.20.5
343 silly placeDep ROOT react-refresh@0.17.0 OK for: @vitejs/plugin-react@4.7.0 want: ^0.17.0
344 silly fetch manifest debug@^4.1.0
345 silly packumentCache full:https://registry.npmjs.org/debug cache-miss
346 silly fetch manifest json5@^2.2.3
347 silly packumentCache full:https://registry.npmjs.org/json5 cache-miss
348 silly fetch manifest semver@^6.3.1
349 silly packumentCache full:https://registry.npmjs.org/semver cache-miss
350 silly fetch manifest gensync@^1.0.0-beta.2
351 silly packumentCache full:https://registry.npmjs.org/gensync cache-miss
352 silly fetch manifest @babel/types@^7.29.7
353 silly packumentCache full:https://registry.npmjs.org/@babel%2ftypes cache-miss
354 silly fetch manifest @babel/parser@^7.29.7
355 silly packumentCache full:https://registry.npmjs.org/@babel%2fparser cache-miss
356 silly fetch manifest @babel/helpers@^7.29.7
357 silly packumentCache full:https://registry.npmjs.org/@babel%2fhelpers cache-miss
358 http fetch GET 200 https://registry.npmjs.org/gensync 206ms (cache miss)
359 silly packumentCache full:https://registry.npmjs.org/gensync set size:undefined disposed:false
360 silly fetch manifest @babel/template@^7.29.7
361 silly packumentCache full:https://registry.npmjs.org/@babel%2ftemplate cache-miss
362 http fetch GET 200 https://registry.npmjs.org/debug 570ms (cache miss)
363 silly packumentCache full:https://registry.npmjs.org/debug set size:undefined disposed:false
364 silly fetch manifest @babel/traverse@^7.29.7
365 silly packumentCache full:https://registry.npmjs.org/@babel%2ftraverse cache-miss
366 http fetch GET 200 https://registry.npmjs.org/json5 751ms (cache miss)
367 silly packumentCache full:https://registry.npmjs.org/json5 set size:undefined disposed:false
368 silly fetch manifest @babel/generator@^7.29.7
369 silly packumentCache full:https://registry.npmjs.org/@babel%2fgenerator cache-miss
370 http fetch GET 200 https://registry.npmjs.org/semver 770ms (cache miss)
371 silly packumentCache full:https://registry.npmjs.org/semver set size:undefined disposed:false
372 silly fetch manifest @babel/code-frame@^7.29.7
373 silly packumentCache full:https://registry.npmjs.org/@babel%2fcode-frame cache-miss
374 http fetch GET 200 https://registry.npmjs.org/@babel%2ftemplate 1168ms (cache miss)
375 silly packumentCache full:https://registry.npmjs.org/@babel%2ftemplate set size:undefined disposed:false
376 silly fetch manifest convert-source-map@^2.0.0
377 silly packumentCache full:https://registry.npmjs.org/convert-source-map cache-miss
378 http fetch GET 200 https://registry.npmjs.org/@babel%2fparser 1383ms (cache miss)
379 silly packumentCache full:https://registry.npmjs.org/@babel%2fparser set size:undefined disposed:false
380 silly fetch manifest @babel/helper-module-transforms@^7.29.7
381 silly packumentCache full:https://registry.npmjs.org/@babel%2fhelper-module-transforms cache-miss
382 http fetch GET 200 https://registry.npmjs.org/@babel%2ftypes 1507ms (cache miss)
383 silly packumentCache full:https://registry.npmjs.org/@babel%2ftypes set size:undefined disposed:false
384 silly fetch manifest @babel/helper-compilation-targets@^7.29.7
385 silly packumentCache full:https://registry.npmjs.org/@babel%2fhelper-compilation-targets cache-miss
386 http fetch GET 200 https://registry.npmjs.org/@babel%2fcode-frame 752ms (cache miss)
387 silly packumentCache full:https://registry.npmjs.org/@babel%2fcode-frame set size:undefined disposed:false
388 silly fetch manifest @babel/helper-plugin-utils@^7.29.7
389 silly packumentCache full:https://registry.npmjs.org/@babel%2fhelper-plugin-utils cache-miss
390 http fetch GET 200 https://registry.npmjs.org/@babel%2fhelpers 1552ms (cache miss)
391 silly packumentCache full:https://registry.npmjs.org/@babel%2fhelpers set size:undefined disposed:false
392 silly fetch manifest @babel/helper-plugin-utils@^7.29.7
393 silly packumentCache full:https://registry.npmjs.org/@babel%2fhelper-plugin-utils cache-miss
394 http fetch GET 200 https://registry.npmjs.org/convert-source-map 254ms (cache miss)
395 silly packumentCache full:https://registry.npmjs.org/convert-source-map set size:undefined disposed:false
396 silly fetch manifest @babel/types@^7.20.7
397 silly packumentCache full:https://registry.npmjs.org/@babel%2ftypes cache-miss
398 http fetch GET 200 https://registry.npmjs.org/@babel%2ftypes 7ms (cache hit)
399 silly packumentCache full:https://registry.npmjs.org/@babel%2ftypes set size:507562 disposed:false
400 silly fetch manifest @babel/parser@^7.20.7
401 silly packumentCache full:https://registry.npmjs.org/@babel%2fparser cache-miss
402 http fetch GET 200 https://registry.npmjs.org/@babel%2fparser 9ms (cache hit)
403 silly packumentCache full:https://registry.npmjs.org/@babel%2fparser set size:745724 disposed:false
404 silly fetch manifest @types/babel__template@*
405 silly packumentCache full:https://registry.npmjs.org/@types%2fbabel__template cache-miss
406 http fetch GET 200 https://registry.npmjs.org/@babel%2ftraverse 1224ms (cache miss)
407 silly packumentCache full:https://registry.npmjs.org/@babel%2ftraverse set size:undefined disposed:false
408 silly fetch manifest @types/babel__traverse@*
409 silly packumentCache full:https://registry.npmjs.org/@types%2fbabel__traverse cache-miss
410 http fetch GET 200 https://registry.npmjs.org/@babel%2fhelper-module-transforms 633ms (cache miss)
411 silly packumentCache full:https://registry.npmjs.org/@babel%2fhelper-module-transforms set size:undefined disposed:false
412 silly fetch manifest @types/babel__generator@*
413 silly packumentCache full:https://registry.npmjs.org/@types%2fbabel__generator cache-miss
414 http fetch GET 200 https://registry.npmjs.org/@types%2fbabel__template 404ms (cache miss)
415 silly packumentCache full:https://registry.npmjs.org/@types%2fbabel__template set size:undefined disposed:false
416 http fetch GET 200 https://registry.npmjs.org/@babel%2fhelper-plugin-utils 602ms (cache miss)
417 silly packumentCache full:https://registry.npmjs.org/@babel%2fhelper-plugin-utils set size:undefined disposed:false
418 http fetch GET 200 https://registry.npmjs.org/@babel%2fhelper-compilation-targets 637ms (cache miss)
419 silly packumentCache full:https://registry.npmjs.org/@babel%2fhelper-compilation-targets set size:undefined disposed:false
420 http fetch GET 200 https://registry.npmjs.org/@babel%2fhelper-plugin-utils 875ms (cache miss)
421 silly packumentCache full:https://registry.npmjs.org/@babel%2fhelper-plugin-utils set size:undefined disposed:false
422 http fetch GET 200 https://registry.npmjs.org/@types%2fbabel__traverse 634ms (cache miss)
423 silly packumentCache full:https://registry.npmjs.org/@types%2fbabel__traverse set size:undefined disposed:false
424 http fetch GET 200 https://registry.npmjs.org/@types%2fbabel__generator 457ms (cache miss)
425 silly packumentCache full:https://registry.npmjs.org/@types%2fbabel__generator set size:undefined disposed:false
426 http fetch GET 200 https://registry.npmjs.org/@babel%2fgenerator 1862ms (cache miss)
427 silly packumentCache full:https://registry.npmjs.org/@babel%2fgenerator set size:undefined disposed:false
428 silly fetch manifest @babel/core@^7.0.0
429 silly packumentCache full:https://registry.npmjs.org/@babel%2fcore cache-miss
430 http fetch GET 200 https://registry.npmjs.org/@babel%2fcore 10ms (cache hit)
431 silly packumentCache full:https://registry.npmjs.org/@babel%2fcore set size:797193 disposed:false
432 silly placeDep ROOT @babel/code-frame@7.29.7 OK for: @babel/core@7.29.7 want: ^7.29.7
433 silly placeDep ROOT @babel/generator@7.29.8 OK for: @babel/core@7.29.7 want: ^7.29.7
434 silly placeDep ROOT @babel/helper-compilation-targets@7.29.7 OK for: @babel/core@7.29.7 want: ^7.29.7
435 silly placeDep ROOT @babel/helper-module-transforms@7.29.7 OK for: @babel/core@7.29.7 want: ^7.29.7
436 silly placeDep ROOT @babel/helpers@7.29.7 OK for: @babel/core@7.29.7 want: ^7.29.7
437 silly placeDep ROOT @babel/parser@7.29.9 OK for: @babel/core@7.29.7 want: ^7.29.7
438 silly placeDep ROOT @babel/template@7.29.7 OK for: @babel/core@7.29.7 want: ^7.29.7
439 silly placeDep ROOT @babel/traverse@7.29.8 OK for: @babel/core@7.29.7 want: ^7.29.7
440 silly placeDep ROOT @babel/types@7.29.8 OK for: @babel/core@7.29.7 want: ^7.29.7
441 silly placeDep ROOT convert-source-map@2.0.0 OK for: @babel/core@7.29.7 want: ^2.0.0
442 silly placeDep ROOT debug@4.4.3 OK for: @babel/core@7.29.7 want: ^4.1.0
443 silly placeDep ROOT gensync@1.0.0-beta.2 OK for: @babel/core@7.29.7 want: ^1.0.0-beta.2
444 silly placeDep ROOT json5@2.2.3 OK for: @babel/core@7.29.7 want: ^2.2.3
445 silly placeDep ROOT semver@6.3.1 OK for: @babel/core@7.29.7 want: ^6.3.1
446 silly fetch manifest js-tokens@^4.0.0
447 silly packumentCache full:https://registry.npmjs.org/js-tokens cache-miss
448 silly fetch manifest picocolors@^1.1.1
449 silly packumentCache full:https://registry.npmjs.org/picocolors cache-miss
450 silly fetch manifest @babel/helper-validator-identifier@^7.29.7
451 silly packumentCache full:https://registry.npmjs.org/@babel%2fhelper-validator-identifier cache-miss
452 silly fetch manifest jsesc@^3.0.2
453 silly packumentCache full:https://registry.npmjs.org/jsesc cache-miss
454 silly fetch manifest @babel/types@^7.29.8
455 silly packumentCache full:https://registry.npmjs.org/@babel%2ftypes cache-hit
456 silly fetch manifest @babel/parser@^7.29.8
457 silly packumentCache full:https://registry.npmjs.org/@babel%2fparser cache-hit
458 silly fetch manifest lru-cache@^5.1.1
459 silly packumentCache full:https://registry.npmjs.org/lru-cache cache-miss
460 silly fetch manifest browserslist@^4.24.0
461 silly packumentCache full:https://registry.npmjs.org/browserslist cache-miss
462 silly fetch manifest @babel/compat-data@^7.29.7
463 silly packumentCache full:https://registry.npmjs.org/@babel%2fcompat-data cache-miss
464 http fetch GET 200 https://registry.npmjs.org/js-tokens 200ms (cache miss)
465 silly packumentCache full:https://registry.npmjs.org/js-tokens set size:undefined disposed:false
466 silly fetch manifest @babel/helper-validator-option@^7.29.7
467 silly packumentCache full:https://registry.npmjs.org/@babel%2fhelper-validator-option cache-miss
468 http fetch GET 200 https://registry.npmjs.org/jsesc 438ms (cache miss)
469 silly packumentCache full:https://registry.npmjs.org/jsesc set size:undefined disposed:false
470 silly fetch manifest @babel/helper-module-imports@^7.29.7
471 silly packumentCache full:https://registry.npmjs.org/@babel%2fhelper-module-imports cache-miss
472 http fetch GET 200 https://registry.npmjs.org/@babel%2fhelper-validator-identifier 647ms (cache miss)
473 silly packumentCache full:https://registry.npmjs.org/@babel%2fhelper-validator-identifier set size:undefined disposed:false
474 silly fetch manifest debug@^4.3.1
475 silly packumentCache full:https://registry.npmjs.org/debug cache-miss
476 http fetch GET 200 https://registry.npmjs.org/debug 8ms (cache hit)
477 silly packumentCache full:https://registry.npmjs.org/debug set size:195840 disposed:false
478 silly fetch manifest @babel/helper-globals@^7.29.7
479 silly packumentCache full:https://registry.npmjs.org/@babel%2fhelper-globals cache-miss
480 http fetch GET 200 https://registry.npmjs.org/picocolors 715ms (cache miss)
481 silly packumentCache full:https://registry.npmjs.org/picocolors set size:undefined disposed:false
482 silly fetch manifest @babel/helper-string-parser@^7.29.7
483 silly packumentCache full:https://registry.npmjs.org/@babel%2fhelper-string-parser cache-miss
484 http fetch GET 200 https://registry.npmjs.org/@babel%2fcompat-data 719ms (cache miss)
485 silly packumentCache full:https://registry.npmjs.org/@babel%2fcompat-data set size:undefined disposed:false
486 silly fetch manifest ms@^2.1.3
487 silly packumentCache full:https://registry.npmjs.org/ms cache-miss
488 http fetch GET 200 https://registry.npmjs.org/@babel%2fhelper-validator-option 631ms (cache miss)
489 silly packumentCache full:https://registry.npmjs.org/@babel%2fhelper-validator-option set size:undefined disposed:false
490 http fetch GET 200 https://registry.npmjs.org/lru-cache 924ms (cache miss)
491 silly packumentCache full:https://registry.npmjs.org/lru-cache set size:undefined disposed:false
492 http fetch GET 200 https://registry.npmjs.org/ms 228ms (cache miss)
493 silly packumentCache full:https://registry.npmjs.org/ms set size:undefined disposed:false
494 http fetch GET 200 https://registry.npmjs.org/@babel%2fhelper-string-parser 272ms (cache miss)
495 silly packumentCache full:https://registry.npmjs.org/@babel%2fhelper-string-parser set size:undefined disposed:false
496 http fetch GET 200 https://registry.npmjs.org/@babel%2fhelper-globals 522ms (cache miss)
497 silly packumentCache full:https://registry.npmjs.org/@babel%2fhelper-globals set size:undefined disposed:false
498 http fetch GET 200 https://registry.npmjs.org/browserslist 1377ms (cache miss)
499 silly packumentCache full:https://registry.npmjs.org/browserslist set size:undefined disposed:false
500 http fetch GET 200 https://registry.npmjs.org/@babel%2fhelper-module-imports 945ms (cache miss)
501 silly packumentCache full:https://registry.npmjs.org/@babel%2fhelper-module-imports set size:undefined disposed:false
502 silly placeDep ROOT @babel/helper-validator-identifier@7.29.7 OK for: @babel/code-frame@7.29.7 want: ^7.29.7
503 silly placeDep ROOT js-tokens@4.0.0 OK for: @babel/code-frame@7.29.7 want: ^4.0.0
504 silly placeDep ROOT picocolors@1.1.1 OK for: @babel/code-frame@7.29.7 want: ^1.1.1
505 silly placeDep ROOT jsesc@3.1.0 OK for: @babel/generator@7.29.8 want: ^3.0.2
506 silly placeDep ROOT @babel/compat-data@7.29.7 OK for: @babel/helper-compilation-targets@7.29.7 want: ^7.29.7
507 silly placeDep ROOT @babel/helper-validator-option@7.29.7 OK for: @babel/helper-compilation-targets@7.29.7 want: ^7.29.7
508 silly placeDep ROOT browserslist@4.29.2 OK for: @babel/helper-compilation-targets@7.29.7 want: ^4.24.0
509 silly placeDep ROOT lru-cache@5.1.1 OK for: @babel/helper-compilation-targets@7.29.7 want: ^5.1.1
510 silly fetch manifest caniuse-lite@^1.0.30001812
511 silly packumentCache full:https://registry.npmjs.org/caniuse-lite cache-miss
512 silly fetch manifest node-releases@^2.0.57
513 silly packumentCache full:https://registry.npmjs.org/node-releases cache-miss
514 silly fetch manifest electron-to-chromium@^1.5.439
515 silly packumentCache full:https://registry.npmjs.org/electron-to-chromium cache-miss
516 silly fetch manifest update-browserslist-db@^1.3.3
517 silly packumentCache full:https://registry.npmjs.org/update-browserslist-db cache-miss
518 silly fetch manifest baseline-browser-mapping@^2.11.26
519 silly packumentCache full:https://registry.npmjs.org/baseline-browser-mapping cache-miss
520 silly fetch manifest yallist@^3.0.2
521 silly packumentCache full:https://registry.npmjs.org/yallist cache-miss
522 http fetch GET 200 https://registry.npmjs.org/update-browserslist-db 216ms (cache miss)
523 silly packumentCache full:https://registry.npmjs.org/update-browserslist-db set size:undefined disposed:false
524 http fetch GET 200 https://registry.npmjs.org/yallist 265ms (cache miss)
525 silly packumentCache full:https://registry.npmjs.org/yallist set size:undefined disposed:false
526 http fetch GET 200 https://registry.npmjs.org/baseline-browser-mapping 379ms (cache miss)
527 silly packumentCache full:https://registry.npmjs.org/baseline-browser-mapping set size:undefined disposed:false
528 http fetch GET 200 https://registry.npmjs.org/node-releases 727ms (cache miss)
529 silly packumentCache full:https://registry.npmjs.org/node-releases set size:undefined disposed:false
530 http fetch GET 200 https://registry.npmjs.org/caniuse-lite 2686ms (cache miss)
531 silly packumentCache full:https://registry.npmjs.org/caniuse-lite set size:undefined disposed:false
532 http fetch GET 200 https://registry.npmjs.org/electron-to-chromium 5296ms (cache miss)
533 silly packumentCache full:https://registry.npmjs.org/electron-to-chromium set size:undefined disposed:false
534 silly placeDep ROOT @babel/helper-module-imports@7.29.7 OK for: @babel/helper-module-transforms@7.29.7 want: ^7.29.7
535 silly placeDep ROOT @babel/helper-plugin-utils@7.29.7 OK for: @babel/plugin-transform-react-jsx-self@7.29.7 want: ^7.29.7
536 silly placeDep ROOT @babel/helper-globals@7.29.7 OK for: @babel/traverse@7.29.8 want: ^7.29.7
537 silly placeDep ROOT @babel/helper-string-parser@7.29.7 OK for: @babel/types@7.29.8 want: ^7.29.7
538 silly placeDep ROOT @types/babel__generator@7.27.0 OK for: @types/babel__core@7.20.5 want: *
539 silly placeDep ROOT @types/babel__template@7.4.4 OK for: @types/babel__core@7.20.5 want: *
540 silly placeDep ROOT @types/babel__traverse@7.28.0 OK for: @types/babel__core@7.20.5 want: *
541 silly fetch manifest browserslist@>= 4.21.0
542 silly packumentCache full:https://registry.npmjs.org/browserslist cache-miss
543 http fetch GET 200 https://registry.npmjs.org/browserslist 17ms (cache hit)
544 silly packumentCache full:https://registry.npmjs.org/browserslist set size:528084 disposed:false
545 silly placeDep ROOT baseline-browser-mapping@2.11.26 OK for: browserslist@4.29.2 want: ^2.11.26
546 silly placeDep ROOT caniuse-lite@1.0.30001813 OK for: browserslist@4.29.2 want: ^1.0.30001812
547 silly placeDep ROOT electron-to-chromium@1.5.440 OK for: browserslist@4.29.2 want: ^1.5.439
548 silly placeDep ROOT node-releases@2.0.57 OK for: browserslist@4.29.2 want: ^2.0.57
549 silly placeDep ROOT update-browserslist-db@1.3.3 OK for: browserslist@4.29.2 want: ^1.3.3
550 silly fetch manifest escalade@^3.2.0
551 silly packumentCache full:https://registry.npmjs.org/escalade cache-miss
552 http fetch GET 200 https://registry.npmjs.org/escalade 344ms (cache miss)
553 silly packumentCache full:https://registry.npmjs.org/escalade set size:undefined disposed:false
554 silly placeDep ROOT ms@2.1.3 OK for: debug@4.4.3 want: ^2.1.3
555 silly placeDep ROOT graceful-fs@4.2.11 OK for: enhanced-resolve@5.25.1 want: ^4.2.4
556 silly placeDep ROOT tapable@2.3.3 OK for: enhanced-resolve@5.25.1 want: ^2.3.3
557 silly placeDep ROOT detect-libc@2.1.2 OK for: lightningcss@1.32.0 want: ^2.0.3
558 silly placeDep ROOT lightningcss-android-arm64@1.32.0 OK for: lightningcss@1.32.0 want: 1.32.0
559 silly placeDep ROOT lightningcss-darwin-arm64@1.32.0 OK for: lightningcss@1.32.0 want: 1.32.0
560 silly placeDep ROOT lightningcss-darwin-x64@1.32.0 OK for: lightningcss@1.32.0 want: 1.32.0
561 silly placeDep ROOT lightningcss-freebsd-x64@1.32.0 OK for: lightningcss@1.32.0 want: 1.32.0
562 silly placeDep ROOT lightningcss-linux-arm-gnueabihf@1.32.0 OK for: lightningcss@1.32.0 want: 1.32.0
563 silly placeDep ROOT lightningcss-linux-arm64-gnu@1.32.0 OK for: lightningcss@1.32.0 want: 1.32.0
564 silly placeDep ROOT lightningcss-linux-arm64-musl@1.32.0 OK for: lightningcss@1.32.0 want: 1.32.0
565 silly placeDep ROOT lightningcss-linux-x64-gnu@1.32.0 OK for: lightningcss@1.32.0 want: 1.32.0
566 silly placeDep ROOT lightningcss-linux-x64-musl@1.32.0 OK for: lightningcss@1.32.0 want: 1.32.0
567 silly placeDep ROOT lightningcss-win32-arm64-msvc@1.32.0 OK for: lightningcss@1.32.0 want: 1.32.0
568 silly placeDep ROOT lightningcss-win32-x64-msvc@1.32.0 OK for: lightningcss@1.32.0 want: 1.32.0
569 silly placeDep ROOT yallist@3.1.1 OK for: lru-cache@5.1.1 want: ^3.0.2
570 silly placeDep ROOT scheduler@0.28.0 OK for: react-dom@19.3.0 want: ^0.28.0
571 silly placeDep ROOT escalade@3.2.0 OK for: update-browserslist-db@1.3.3 want: ^3.2.0
572 silly placeDep ROOT esbuild@0.25.12 OK for: vite@6.4.3 want: ^0.25.0
573 silly placeDep ROOT fdir@6.5.0 OK for: vite@6.4.3 want: ^6.4.4
574 silly placeDep ROOT fsevents@2.3.3 OK for: vite@6.4.3 want: ~2.3.3
575 silly placeDep ROOT picomatch@4.0.7 OK for: vite@6.4.3 want: ^4.0.2
576 silly placeDep ROOT postcss@8.5.28 OK for: vite@6.4.3 want: ^8.5.3
577 silly placeDep ROOT rollup@4.63.5 OK for: vite@6.4.3 want: ^4.34.9
578 silly placeDep ROOT tinyglobby@0.2.17 OK for: vite@6.4.3 want: ^0.2.13
579 silly fetch manifest @esbuild/aix-ppc64@0.25.12
580 silly packumentCache full:https://registry.npmjs.org/@esbuild%2faix-ppc64 cache-miss
581 silly fetch manifest @esbuild/linux-arm@0.25.12
582 silly packumentCache full:https://registry.npmjs.org/@esbuild%2flinux-arm cache-miss
583 silly fetch manifest @esbuild/linux-x64@0.25.12
584 silly packumentCache full:https://registry.npmjs.org/@esbuild%2flinux-x64 cache-miss
585 silly fetch manifest @esbuild/sunos-x64@0.25.12
586 silly packumentCache full:https://registry.npmjs.org/@esbuild%2fsunos-x64 cache-miss
587 silly fetch manifest @esbuild/win32-x64@0.25.12
588 silly packumentCache full:https://registry.npmjs.org/@esbuild%2fwin32-x64 cache-miss
589 silly fetch manifest @esbuild/darwin-x64@0.25.12
590 silly packumentCache full:https://registry.npmjs.org/@esbuild%2fdarwin-x64 cache-miss
591 silly fetch manifest @esbuild/linux-ia32@0.25.12
592 silly packumentCache full:https://registry.npmjs.org/@esbuild%2flinux-ia32 cache-miss
593 http fetch GET 200 https://registry.npmjs.org/@esbuild%2fsunos-x64 460ms (cache miss)
594 silly packumentCache full:https://registry.npmjs.org/@esbuild%2fsunos-x64 set size:undefined disposed:false
595 silly fetch manifest @esbuild/netbsd-x64@0.25.12
596 silly packumentCache full:https://registry.npmjs.org/@esbuild%2fnetbsd-x64 cache-miss
597 http fetch GET 200 https://registry.npmjs.org/@esbuild%2faix-ppc64 646ms (cache miss)
598 silly packumentCache full:https://registry.npmjs.org/@esbuild%2faix-ppc64 set size:undefined disposed:false
599 silly fetch manifest @esbuild/win32-ia32@0.25.12
600 silly packumentCache full:https://registry.npmjs.org/@esbuild%2fwin32-ia32 cache-miss
601 http fetch GET 200 https://registry.npmjs.org/@esbuild%2flinux-x64 656ms (cache miss)
602 silly packumentCache full:https://registry.npmjs.org/@esbuild%2flinux-x64 set size:undefined disposed:false
603 silly fetch manifest @esbuild/android-arm@0.25.12
604 silly packumentCache full:https://registry.npmjs.org/@esbuild%2fandroid-arm cache-miss
605 http fetch GET 200 https://registry.npmjs.org/@esbuild%2fdarwin-x64 677ms (cache miss)
606 silly packumentCache full:https://registry.npmjs.org/@esbuild%2fdarwin-x64 set size:undefined disposed:false
607 silly fetch manifest @esbuild/android-x64@0.25.12
608 silly packumentCache full:https://registry.npmjs.org/@esbuild%2fandroid-x64 cache-miss
609 http fetch GET 200 https://registry.npmjs.org/@esbuild%2flinux-arm 753ms (cache miss)
610 silly packumentCache full:https://registry.npmjs.org/@esbuild%2flinux-arm set size:undefined disposed:false
611 silly fetch manifest @esbuild/freebsd-x64@0.25.12
612 silly packumentCache full:https://registry.npmjs.org/@esbuild%2ffreebsd-x64 cache-miss
613 http fetch GET 200 https://registry.npmjs.org/@esbuild%2fwin32-x64 878ms (cache miss)
614 silly packumentCache full:https://registry.npmjs.org/@esbuild%2fwin32-x64 set size:undefined disposed:false
615 silly fetch manifest @esbuild/linux-arm64@0.25.12
616 silly packumentCache full:https://registry.npmjs.org/@esbuild%2flinux-arm64 cache-miss
617 http fetch GET 200 https://registry.npmjs.org/@esbuild%2fnetbsd-x64 486ms (cache miss)
618 silly packumentCache full:https://registry.npmjs.org/@esbuild%2fnetbsd-x64 set size:undefined disposed:false
619 silly fetch manifest @esbuild/linux-ppc64@0.25.12
620 silly packumentCache full:https://registry.npmjs.org/@esbuild%2flinux-ppc64 cache-miss
621 http fetch GET 200 https://registry.npmjs.org/@esbuild%2flinux-ia32 1171ms (cache miss)
622 silly packumentCache full:https://registry.npmjs.org/@esbuild%2flinux-ia32 set size:undefined disposed:false
623 silly fetch manifest @esbuild/linux-s390x@0.25.12
624 silly packumentCache full:https://registry.npmjs.org/@esbuild%2flinux-s390x cache-miss
625 http fetch GET 200 https://registry.npmjs.org/@esbuild%2fandroid-x64 547ms (cache miss)
626 silly packumentCache full:https://registry.npmjs.org/@esbuild%2fandroid-x64 set size:undefined disposed:false
627 silly fetch manifest @esbuild/openbsd-x64@0.25.12
628 silly packumentCache full:https://registry.npmjs.org/@esbuild%2fopenbsd-x64 cache-miss
629 http fetch GET 200 https://registry.npmjs.org/@esbuild%2flinux-ppc64 756ms (cache miss)
630 silly packumentCache full:https://registry.npmjs.org/@esbuild%2flinux-ppc64 set size:undefined disposed:false
631 silly fetch manifest @esbuild/win32-arm64@0.25.12
632 silly packumentCache full:https://registry.npmjs.org/@esbuild%2fwin32-arm64 cache-miss
633 http fetch GET 200 https://registry.npmjs.org/@esbuild%2flinux-arm64 889ms (cache miss)
634 silly packumentCache full:https://registry.npmjs.org/@esbuild%2flinux-arm64 set size:undefined disposed:false
635 silly fetch manifest @esbuild/darwin-arm64@0.25.12
636 silly packumentCache full:https://registry.npmjs.org/@esbuild%2fdarwin-arm64 cache-miss
637 http fetch GET 200 https://registry.npmjs.org/@esbuild%2fwin32-ia32 1201ms (cache miss)
638 silly packumentCache full:https://registry.npmjs.org/@esbuild%2fwin32-ia32 set size:undefined disposed:false
639 silly fetch manifest @esbuild/netbsd-arm64@0.25.12
640 silly packumentCache full:https://registry.npmjs.org/@esbuild%2fnetbsd-arm64 cache-miss
641 http fetch GET 200 https://registry.npmjs.org/@esbuild%2fandroid-arm 1237ms (cache miss)
642 silly packumentCache full:https://registry.npmjs.org/@esbuild%2fandroid-arm set size:undefined disposed:false
643 silly fetch manifest @esbuild/android-arm64@0.25.12
644 silly packumentCache full:https://registry.npmjs.org/@esbuild%2fandroid-arm64 cache-miss
645 http fetch GET 200 https://registry.npmjs.org/@esbuild%2flinux-s390x 959ms (cache miss)
646 silly packumentCache full:https://registry.npmjs.org/@esbuild%2flinux-s390x set size:undefined disposed:false
647 silly fetch manifest @esbuild/freebsd-arm64@0.25.12
648 silly packumentCache full:https://registry.npmjs.org/@esbuild%2ffreebsd-arm64 cache-miss
649 http fetch GET 200 https://registry.npmjs.org/@esbuild%2ffreebsd-x64 1387ms (cache miss)
650 silly packumentCache full:https://registry.npmjs.org/@esbuild%2ffreebsd-x64 set size:undefined disposed:false
651 silly fetch manifest @esbuild/linux-loong64@0.25.12
652 silly packumentCache full:https://registry.npmjs.org/@esbuild%2flinux-loong64 cache-miss
653 http fetch GET 200 https://registry.npmjs.org/@esbuild%2fdarwin-arm64 467ms (cache miss)
654 silly packumentCache full:https://registry.npmjs.org/@esbuild%2fdarwin-arm64 set size:undefined disposed:false
655 silly fetch manifest @esbuild/linux-riscv64@0.25.12
656 silly packumentCache full:https://registry.npmjs.org/@esbuild%2flinux-riscv64 cache-miss
657 http fetch GET 200 https://registry.npmjs.org/@esbuild%2fwin32-arm64 758ms (cache miss)
658 silly packumentCache full:https://registry.npmjs.org/@esbuild%2fwin32-arm64 set size:undefined disposed:false
659 silly fetch manifest @esbuild/openbsd-arm64@0.25.12
660 silly packumentCache full:https://registry.npmjs.org/@esbuild%2fopenbsd-arm64 cache-miss
661 http fetch GET 200 https://registry.npmjs.org/@esbuild%2fopenbsd-x64 1304ms (cache miss)
662 silly packumentCache full:https://registry.npmjs.org/@esbuild%2fopenbsd-x64 set size:undefined disposed:false
663 silly fetch manifest @esbuild/linux-mips64el@0.25.12
664 silly packumentCache full:https://registry.npmjs.org/@esbuild%2flinux-mips64el cache-miss
665 http fetch GET 200 https://registry.npmjs.org/@esbuild%2fnetbsd-arm64 704ms (cache miss)
666 silly packumentCache full:https://registry.npmjs.org/@esbuild%2fnetbsd-arm64 set size:undefined disposed:false
667 silly fetch manifest @esbuild/openharmony-arm64@0.25.12
668 silly packumentCache full:https://registry.npmjs.org/@esbuild%2fopenharmony-arm64 cache-miss
669 http fetch GET 200 https://registry.npmjs.org/@esbuild%2fandroid-arm64 945ms (cache miss)
670 silly packumentCache full:https://registry.npmjs.org/@esbuild%2fandroid-arm64 set size:undefined disposed:false
671 silly fetch manifest nanoid@^3.3.18
672 silly packumentCache full:https://registry.npmjs.org/nanoid cache-miss
673 http fetch GET 200 https://registry.npmjs.org/@esbuild%2flinux-riscv64 628ms (cache miss)
674 silly packumentCache full:https://registry.npmjs.org/@esbuild%2flinux-riscv64 set size:undefined disposed:false
675 silly fetch manifest @types/estree@1.0.9
676 silly packumentCache full:https://registry.npmjs.org/@types%2festree cache-miss
677 http fetch GET 200 https://registry.npmjs.org/@esbuild%2fopenharmony-arm64 387ms (cache miss)
678 silly packumentCache full:https://registry.npmjs.org/@esbuild%2fopenharmony-arm64 set size:undefined disposed:false
679 silly fetch manifest @rollup/rollup-darwin-x64@4.63.5
680 silly packumentCache full:https://registry.npmjs.org/@rollup%2frollup-darwin-x64 cache-miss
681 http fetch GET 200 https://registry.npmjs.org/@esbuild%2fopenbsd-arm64 485ms (cache miss)
682 silly packumentCache full:https://registry.npmjs.org/@esbuild%2fopenbsd-arm64 set size:undefined disposed:false
683 silly fetch manifest @rollup/rollup-freebsd-x64@4.63.5
684 silly packumentCache full:https://registry.npmjs.org/@rollup%2frollup-freebsd-x64 cache-miss
685 http fetch GET 200 https://registry.npmjs.org/@esbuild%2ffreebsd-arm64 983ms (cache miss)
686 silly packumentCache full:https://registry.npmjs.org/@esbuild%2ffreebsd-arm64 set size:undefined disposed:false
687 silly fetch manifest @rollup/rollup-openbsd-x64@4.63.5
688 silly packumentCache full:https://registry.npmjs.org/@rollup%2frollup-openbsd-x64 cache-miss
689 http fetch GET 200 https://registry.npmjs.org/@esbuild%2flinux-mips64el 664ms (cache miss)
690 silly packumentCache full:https://registry.npmjs.org/@esbuild%2flinux-mips64el set size:undefined disposed:false
691 silly fetch manifest @napi-rs/lzma-linux-x64-gnu@1.5.1
692 silly packumentCache full:https://registry.npmjs.org/@napi-rs%2flzma-linux-x64-gnu cache-miss
693 http fetch GET 200 https://registry.npmjs.org/@types%2festree 506ms (cache miss)
694 silly packumentCache full:https://registry.npmjs.org/@types%2festree set size:undefined disposed:false
695 silly fetch manifest @rollup/rollup-darwin-arm64@4.63.5
696 silly packumentCache full:https://registry.npmjs.org/@rollup%2frollup-darwin-arm64 cache-miss
697 http fetch GET 200 https://registry.npmjs.org/nanoid 675ms (cache miss)
698 silly packumentCache full:https://registry.npmjs.org/nanoid set size:undefined disposed:false
699 silly fetch manifest @rollup/rollup-android-arm64@4.63.5
700 silly packumentCache full:https://registry.npmjs.org/@rollup%2frollup-android-arm64 cache-miss
701 http fetch GET 200 https://registry.npmjs.org/@esbuild%2flinux-loong64 1576ms (cache miss)
702 silly packumentCache full:https://registry.npmjs.org/@esbuild%2flinux-loong64 set size:undefined disposed:false
703 silly fetch manifest @rollup/rollup-freebsd-arm64@4.63.5
704 silly packumentCache full:https://registry.npmjs.org/@rollup%2frollup-freebsd-arm64 cache-miss
705 http fetch GET 200 https://registry.npmjs.org/@rollup%2frollup-openbsd-x64 820ms (cache miss)
706 silly packumentCache full:https://registry.npmjs.org/@rollup%2frollup-openbsd-x64 set size:undefined disposed:false
707 silly fetch manifest @rollup/rollup-linux-x64-gnu@4.63.5
708 silly packumentCache full:https://registry.npmjs.org/@rollup%2frollup-linux-x64-gnu cache-miss
709 http fetch GET 200 https://registry.npmjs.org/@napi-rs%2flzma-linux-x64-gnu 748ms (cache miss)
710 silly packumentCache full:https://registry.npmjs.org/@napi-rs%2flzma-linux-x64-gnu set size:undefined disposed:false
711 silly fetch manifest @rollup/rollup-win32-x64-gnu@4.63.5
712 silly packumentCache full:https://registry.npmjs.org/@rollup%2frollup-win32-x64-gnu cache-miss
713 http fetch GET 200 https://registry.npmjs.org/@rollup%2frollup-freebsd-x64 1003ms (cache miss)
714 silly packumentCache full:https://registry.npmjs.org/@rollup%2frollup-freebsd-x64 set size:undefined disposed:false
715 silly fetch manifest @rollup/rollup-linux-x64-musl@4.63.5
716 silly packumentCache full:https://registry.npmjs.org/@rollup%2frollup-linux-x64-musl cache-miss
717 http fetch GET 200 https://registry.npmjs.org/@rollup%2frollup-darwin-x64 1051ms (cache miss)
718 silly packumentCache full:https://registry.npmjs.org/@rollup%2frollup-darwin-x64 set size:undefined disposed:false
719 silly fetch manifest @rollup/rollup-win32-x64-msvc@4.63.5
720 silly packumentCache full:https://registry.npmjs.org/@rollup%2frollup-win32-x64-msvc cache-miss
721 http fetch GET 200 https://registry.npmjs.org/@rollup%2frollup-darwin-arm64 734ms (cache miss)
722 silly packumentCache full:https://registry.npmjs.org/@rollup%2frollup-darwin-arm64 set size:undefined disposed:false
723 silly fetch manifest @rollup/rollup-linux-arm64-gnu@4.63.5
724 silly packumentCache full:https://registry.npmjs.org/@rollup%2frollup-linux-arm64-gnu cache-miss
725 http fetch GET 200 https://registry.npmjs.org/@rollup%2frollup-android-arm64 894ms (cache miss)
726 silly packumentCache full:https://registry.npmjs.org/@rollup%2frollup-android-arm64 set size:undefined disposed:false
727 silly fetch manifest @rollup/rollup-linux-ppc64-gnu@4.63.5
728 silly packumentCache full:https://registry.npmjs.org/@rollup%2frollup-linux-ppc64-gnu cache-miss
729 http fetch GET 200 https://registry.npmjs.org/@rollup%2frollup-freebsd-arm64 875ms (cache miss)
730 silly packumentCache full:https://registry.npmjs.org/@rollup%2frollup-freebsd-arm64 set size:undefined disposed:false
731 silly fetch manifest @rollup/rollup-linux-s390x-gnu@4.63.5
732 silly packumentCache full:https://registry.npmjs.org/@rollup%2frollup-linux-s390x-gnu cache-miss
733 http fetch GET 200 https://registry.npmjs.org/@rollup%2frollup-win32-x64-gnu 870ms (cache miss)
734 silly packumentCache full:https://registry.npmjs.org/@rollup%2frollup-win32-x64-gnu set size:undefined disposed:false
735 silly fetch manifest @rollup/rollup-win32-ia32-msvc@4.63.5
736 silly packumentCache full:https://registry.npmjs.org/@rollup%2frollup-win32-ia32-msvc cache-miss
737 http fetch GET 200 https://registry.npmjs.org/@rollup%2frollup-linux-ppc64-gnu 924ms (cache miss)
738 silly packumentCache full:https://registry.npmjs.org/@rollup%2frollup-linux-ppc64-gnu set size:undefined disposed:false
739 silly fetch manifest @rollup/rollup-android-arm-eabi@4.63.5
740 silly packumentCache full:https://registry.npmjs.org/@rollup%2frollup-android-arm-eabi cache-miss
741 http fetch GET 200 https://registry.npmjs.org/@rollup%2frollup-win32-x64-msvc 1351ms (cache miss)
742 silly packumentCache full:https://registry.npmjs.org/@rollup%2frollup-win32-x64-msvc set size:undefined disposed:false
743 silly fetch manifest @rollup/rollup-linux-arm64-musl@4.63.5
744 silly packumentCache full:https://registry.npmjs.org/@rollup%2frollup-linux-arm64-musl cache-miss
745 http fetch GET 200 https://registry.npmjs.org/@rollup%2frollup-linux-arm64-gnu 1243ms (cache miss)
746 silly packumentCache full:https://registry.npmjs.org/@rollup%2frollup-linux-arm64-gnu set size:undefined disposed:false
747 silly fetch manifest @rollup/rollup-linux-ppc64-musl@4.63.5
748 silly packumentCache full:https://registry.npmjs.org/@rollup%2frollup-linux-ppc64-musl cache-miss
749 http fetch GET 200 https://registry.npmjs.org/@rollup%2frollup-linux-x64-gnu 1425ms (cache miss)
750 silly packumentCache full:https://registry.npmjs.org/@rollup%2frollup-linux-x64-gnu set size:undefined disposed:false
751 silly fetch manifest @rollup/rollup-win32-arm64-msvc@4.63.5
752 silly packumentCache full:https://registry.npmjs.org/@rollup%2frollup-win32-arm64-msvc cache-miss
753 http fetch GET 200 https://registry.npmjs.org/@rollup%2frollup-linux-x64-musl 1644ms (cache miss)
754 silly packumentCache full:https://registry.npmjs.org/@rollup%2frollup-linux-x64-musl set size:undefined disposed:false
755 silly fetch manifest @rollup/rollup-linux-loong64-gnu@4.63.5
756 silly packumentCache full:https://registry.npmjs.org/@rollup%2frollup-linux-loong64-gnu cache-miss
757 http fetch GET 200 https://registry.npmjs.org/@rollup%2frollup-linux-s390x-gnu 1738ms (cache miss)
758 silly packumentCache full:https://registry.npmjs.org/@rollup%2frollup-linux-s390x-gnu set size:undefined disposed:false
759 silly fetch manifest @rollup/rollup-linux-riscv64-gnu@4.63.5
760 silly packumentCache full:https://registry.npmjs.org/@rollup%2frollup-linux-riscv64-gnu cache-miss
761 http fetch GET 200 https://registry.npmjs.org/@rollup%2frollup-linux-loong64-gnu 1017ms (cache miss)
762 silly packumentCache full:https://registry.npmjs.org/@rollup%2frollup-linux-loong64-gnu set size:undefined disposed:false
763 silly fetch manifest @rollup/rollup-openharmony-arm64@4.63.5
764 silly packumentCache full:https://registry.npmjs.org/@rollup%2frollup-openharmony-arm64 cache-miss
765 http fetch GET 200 https://registry.npmjs.org/@rollup%2frollup-linux-ppc64-musl 1305ms (cache miss)
766 silly packumentCache full:https://registry.npmjs.org/@rollup%2frollup-linux-ppc64-musl set size:undefined disposed:false
767 silly fetch manifest @rollup/rollup-linux-loong64-musl@4.63.5
768 silly packumentCache full:https://registry.npmjs.org/@rollup%2frollup-linux-loong64-musl cache-miss
769 http fetch GET 200 https://registry.npmjs.org/@rollup%2frollup-linux-arm64-musl 2085ms (cache miss)
770 silly packumentCache full:https://registry.npmjs.org/@rollup%2frollup-linux-arm64-musl set size:undefined disposed:false
771 silly fetch manifest @rollup/rollup-linux-riscv64-musl@4.63.5
772 silly packumentCache full:https://registry.npmjs.org/@rollup%2frollup-linux-riscv64-musl cache-miss
773 http fetch GET 200 https://registry.npmjs.org/@rollup%2frollup-win32-ia32-msvc 2671ms (cache miss)
774 silly packumentCache full:https://registry.npmjs.org/@rollup%2frollup-win32-ia32-msvc set size:undefined disposed:false
775 silly fetch manifest @rollup/rollup-linux-arm-gnueabihf@4.63.5
776 silly packumentCache full:https://registry.npmjs.org/@rollup%2frollup-linux-arm-gnueabihf cache-miss
777 http fetch GET 200 https://registry.npmjs.org/@rollup%2frollup-win32-arm64-msvc 2135ms (cache miss)
778 silly packumentCache full:https://registry.npmjs.org/@rollup%2frollup-win32-arm64-msvc set size:undefined disposed:false
779 silly fetch manifest @rollup/rollup-linux-arm-musleabihf@4.63.5
780 silly packumentCache full:https://registry.npmjs.org/@rollup%2frollup-linux-arm-musleabihf cache-miss
781 http fetch GET 200 https://registry.npmjs.org/@rollup%2frollup-linux-loong64-musl 1165ms (cache miss)
782 silly packumentCache full:https://registry.npmjs.org/@rollup%2frollup-linux-loong64-musl set size:undefined disposed:false
783 http fetch GET 200 https://registry.npmjs.org/@rollup%2frollup-openharmony-arm64 2042ms (cache miss)
784 silly packumentCache full:https://registry.npmjs.org/@rollup%2frollup-openharmony-arm64 set size:undefined disposed:false
785 http fetch GET 200 https://registry.npmjs.org/@rollup%2frollup-android-arm-eabi 3393ms (cache miss)
786 silly packumentCache full:https://registry.npmjs.org/@rollup%2frollup-android-arm-eabi set size:undefined disposed:false
787 http fetch GET 200 https://registry.npmjs.org/@rollup%2frollup-linux-riscv64-musl 1686ms (cache miss)
788 silly packumentCache full:https://registry.npmjs.org/@rollup%2frollup-linux-riscv64-musl set size:undefined disposed:false
789 http fetch GET 200 https://registry.npmjs.org/@rollup%2frollup-linux-riscv64-gnu 2891ms (cache miss)
790 silly packumentCache full:https://registry.npmjs.org/@rollup%2frollup-linux-riscv64-gnu set size:undefined disposed:false
791 http fetch GET 200 https://registry.npmjs.org/@rollup%2frollup-linux-arm-gnueabihf 1767ms (cache miss)
792 silly packumentCache full:https://registry.npmjs.org/@rollup%2frollup-linux-arm-gnueabihf set size:undefined disposed:false
793 http fetch GET 200 https://registry.npmjs.org/@rollup%2frollup-linux-arm-musleabihf 1783ms (cache miss)
794 silly packumentCache full:https://registry.npmjs.org/@rollup%2frollup-linux-arm-musleabihf set size:undefined disposed:false
795 silly placeDep ROOT @esbuild/aix-ppc64@0.25.12 OK for: esbuild@0.25.12 want: 0.25.12
796 silly placeDep ROOT @esbuild/android-arm@0.25.12 OK for: esbuild@0.25.12 want: 0.25.12
797 silly placeDep ROOT @esbuild/android-arm64@0.25.12 OK for: esbuild@0.25.12 want: 0.25.12
798 silly placeDep ROOT @esbuild/android-x64@0.25.12 OK for: esbuild@0.25.12 want: 0.25.12
799 silly placeDep ROOT @esbuild/darwin-arm64@0.25.12 OK for: esbuild@0.25.12 want: 0.25.12
800 silly placeDep ROOT @esbuild/darwin-x64@0.25.12 OK for: esbuild@0.25.12 want: 0.25.12
801 silly placeDep ROOT @esbuild/freebsd-arm64@0.25.12 OK for: esbuild@0.25.12 want: 0.25.12
802 silly placeDep ROOT @esbuild/freebsd-x64@0.25.12 OK for: esbuild@0.25.12 want: 0.25.12
803 silly placeDep ROOT @esbuild/linux-arm@0.25.12 OK for: esbuild@0.25.12 want: 0.25.12
804 silly placeDep ROOT @esbuild/linux-arm64@0.25.12 OK for: esbuild@0.25.12 want: 0.25.12
805 silly placeDep ROOT @esbuild/linux-ia32@0.25.12 OK for: esbuild@0.25.12 want: 0.25.12
806 silly placeDep ROOT @esbuild/linux-loong64@0.25.12 OK for: esbuild@0.25.12 want: 0.25.12
807 silly placeDep ROOT @esbuild/linux-mips64el@0.25.12 OK for: esbuild@0.25.12 want: 0.25.12
808 silly placeDep ROOT @esbuild/linux-ppc64@0.25.12 OK for: esbuild@0.25.12 want: 0.25.12
809 silly placeDep ROOT @esbuild/linux-riscv64@0.25.12 OK for: esbuild@0.25.12 want: 0.25.12
810 silly placeDep ROOT @esbuild/linux-s390x@0.25.12 OK for: esbuild@0.25.12 want: 0.25.12
811 silly placeDep ROOT @esbuild/linux-x64@0.25.12 OK for: esbuild@0.25.12 want: 0.25.12
812 silly placeDep ROOT @esbuild/netbsd-arm64@0.25.12 OK for: esbuild@0.25.12 want: 0.25.12
813 silly placeDep ROOT @esbuild/netbsd-x64@0.25.12 OK for: esbuild@0.25.12 want: 0.25.12
814 silly placeDep ROOT @esbuild/openbsd-arm64@0.25.12 OK for: esbuild@0.25.12 want: 0.25.12
815 silly placeDep ROOT @esbuild/openbsd-x64@0.25.12 OK for: esbuild@0.25.12 want: 0.25.12
816 silly placeDep ROOT @esbuild/openharmony-arm64@0.25.12 OK for: esbuild@0.25.12 want: 0.25.12
817 silly placeDep ROOT @esbuild/sunos-x64@0.25.12 OK for: esbuild@0.25.12 want: 0.25.12
818 silly placeDep ROOT @esbuild/win32-arm64@0.25.12 OK for: esbuild@0.25.12 want: 0.25.12
819 silly placeDep ROOT @esbuild/win32-ia32@0.25.12 OK for: esbuild@0.25.12 want: 0.25.12
820 silly placeDep ROOT @esbuild/win32-x64@0.25.12 OK for: esbuild@0.25.12 want: 0.25.12
821 silly placeDep ROOT nanoid@3.3.19 OK for: postcss@8.5.28 want: ^3.3.18
822 silly placeDep ROOT @napi-rs/lzma-linux-x64-gnu@1.5.1 OK for: rollup@4.63.5 want: 1.5.1
823 silly placeDep ROOT @rollup/rollup-android-arm-eabi@4.63.5 OK for: rollup@4.63.5 want: 4.63.5
824 silly placeDep ROOT @rollup/rollup-android-arm64@4.63.5 OK for: rollup@4.63.5 want: 4.63.5
825 silly placeDep ROOT @rollup/rollup-darwin-arm64@4.63.5 OK for: rollup@4.63.5 want: 4.63.5
826 silly placeDep ROOT @rollup/rollup-darwin-x64@4.63.5 OK for: rollup@4.63.5 want: 4.63.5
827 silly placeDep ROOT @rollup/rollup-freebsd-arm64@4.63.5 OK for: rollup@4.63.5 want: 4.63.5
828 silly placeDep ROOT @rollup/rollup-freebsd-x64@4.63.5 OK for: rollup@4.63.5 want: 4.63.5
829 silly placeDep ROOT @rollup/rollup-linux-arm-gnueabihf@4.63.5 OK for: rollup@4.63.5 want: 4.63.5
830 silly placeDep ROOT @rollup/rollup-linux-arm-musleabihf@4.63.5 OK for: rollup@4.63.5 want: 4.63.5
831 silly placeDep ROOT @rollup/rollup-linux-arm64-gnu@4.63.5 OK for: rollup@4.63.5 want: 4.63.5
832 silly placeDep ROOT @rollup/rollup-linux-arm64-musl@4.63.5 OK for: rollup@4.63.5 want: 4.63.5
833 silly placeDep ROOT @rollup/rollup-linux-loong64-gnu@4.63.5 OK for: rollup@4.63.5 want: 4.63.5
834 silly placeDep ROOT @rollup/rollup-linux-loong64-musl@4.63.5 OK for: rollup@4.63.5 want: 4.63.5
835 silly placeDep ROOT @rollup/rollup-linux-ppc64-gnu@4.63.5 OK for: rollup@4.63.5 want: 4.63.5
836 silly placeDep ROOT @rollup/rollup-linux-ppc64-musl@4.63.5 OK for: rollup@4.63.5 want: 4.63.5
837 silly placeDep ROOT @rollup/rollup-linux-riscv64-gnu@4.63.5 OK for: rollup@4.63.5 want: 4.63.5
838 silly placeDep ROOT @rollup/rollup-linux-riscv64-musl@4.63.5 OK for: rollup@4.63.5 want: 4.63.5
839 silly placeDep ROOT @rollup/rollup-linux-s390x-gnu@4.63.5 OK for: rollup@4.63.5 want: 4.63.5
840 silly placeDep ROOT @rollup/rollup-linux-x64-gnu@4.63.5 OK for: rollup@4.63.5 want: 4.63.5
841 silly placeDep ROOT @rollup/rollup-linux-x64-musl@4.63.5 OK for: rollup@4.63.5 want: 4.63.5
842 silly placeDep ROOT @rollup/rollup-openbsd-x64@4.63.5 OK for: rollup@4.63.5 want: 4.63.5
843 silly placeDep ROOT @rollup/rollup-openharmony-arm64@4.63.5 OK for: rollup@4.63.5 want: 4.63.5
844 silly placeDep ROOT @rollup/rollup-win32-arm64-msvc@4.63.5 OK for: rollup@4.63.5 want: 4.63.5
845 silly placeDep ROOT @rollup/rollup-win32-ia32-msvc@4.63.5 OK for: rollup@4.63.5 want: 4.63.5
846 silly placeDep ROOT @rollup/rollup-win32-x64-gnu@4.63.5 OK for: rollup@4.63.5 want: 4.63.5
847 silly placeDep ROOT @rollup/rollup-win32-x64-msvc@4.63.5 OK for: rollup@4.63.5 want: 4.63.5
848 silly placeDep ROOT @types/estree@1.0.9 OK for: rollup@4.63.5 want: 1.0.9
849 silly reify moves {}
850 verbose reify failed optional dependency C:\xampp\htdocs\sergio-portfolio\sergio-portfolio\node_modules\@tailwindcss\oxide-wasm32-wasi
851 silly reify mark deleted [
851 silly reify   'C:\\xampp\\htdocs\\sergio-portfolio\\sergio-portfolio\\node_modules\\@tailwindcss\\oxide-wasm32-wasi'
851 silly reify ]
852 silly audit bulk request {
852 silly audit   '@tailwindcss/vite': [ '4.3.3' ],
852 silly audit   vite: [ '6.4.3' ],
852 silly audit   '@vitejs/plugin-react': [ '4.7.0' ],
852 silly audit   react: [ '19.3.0' ],
852 silly audit   'react-dom': [ '19.3.0' ],
852 silly audit   tailwindcss: [ '4.3.3' ],
852 silly audit   '@tailwindcss/node': [ '4.3.3' ],
852 silly audit   '@tailwindcss/oxide': [ '4.3.3' ],
852 silly audit   '@jridgewell/remapping': [ '2.3.5' ],
852 silly audit   'enhanced-resolve': [ '5.25.1' ],
852 silly audit   jiti: [ '2.7.0' ],
852 silly audit   lightningcss: [ '1.32.0' ],
852 silly audit   'magic-string': [ '0.30.21' ],
852 silly audit   'source-map-js': [ '1.2.1' ],
852 silly audit   '@jridgewell/gen-mapping': [ '0.3.13' ],
852 silly audit   '@jridgewell/trace-mapping': [ '0.3.31' ],
852 silly audit   '@jridgewell/sourcemap-codec': [ '1.6.0' ],
852 silly audit   '@jridgewell/resolve-uri': [ '3.1.2' ],
852 silly audit   '@tailwindcss/oxide-android-arm64': [ '4.3.3' ],
852 silly audit   '@tailwindcss/oxide-darwin-arm64': [ '4.3.3' ],
852 silly audit   '@tailwindcss/oxide-darwin-x64': [ '4.3.3' ],
852 silly audit   '@tailwindcss/oxide-freebsd-x64': [ '4.3.3' ],
852 silly audit   '@tailwindcss/oxide-linux-arm-gnueabihf': [ '4.3.3' ],
852 silly audit   '@tailwindcss/oxide-linux-arm64-gnu': [ '4.3.3' ],
852 silly audit   '@tailwindcss/oxide-linux-arm64-musl': [ '4.3.3' ],
852 silly audit   '@tailwindcss/oxide-linux-x64-gnu': [ '4.3.3' ],
852 silly audit   '@tailwindcss/oxide-linux-x64-musl': [ '4.3.3' ],
852 silly audit   '@tailwindcss/oxide-win32-arm64-msvc': [ '4.3.3' ],
852 silly audit   '@tailwindcss/oxide-win32-x64-msvc': [ '4.3.3' ],
852 silly audit   '@babel/core': [ '7.29.7' ],
852 silly audit   '@babel/plugin-transform-react-jsx-self': [ '7.29.7' ],
852 silly audit   '@babel/plugin-transform-react-jsx-source': [ '7.29.7' ],
852 silly audit   '@rolldown/pluginutils': [ '1.0.0-beta.27' ],
852 silly audit   '@types/babel__core': [ '7.20.5' ],
852 silly audit   'react-refresh': [ '0.17.0' ],
852 silly audit   '@babel/code-frame': [ '7.29.7' ],
852 silly audit   '@babel/generator': [ '7.29.8' ],
852 silly audit   '@babel/helper-compilation-targets': [ '7.29.7' ],
852 silly audit   '@babel/helper-module-transforms': [ '7.29.7' ],
852 silly audit   '@babel/helpers': [ '7.29.7' ],
852 silly audit   '@babel/parser': [ '7.29.9' ],
852 silly audit   '@babel/template': [ '7.29.7' ],
852 silly audit   '@babel/traverse': [ '7.29.8' ],
852 silly audit   '@babel/types': [ '7.29.8' ],
852 silly audit   'convert-source-map': [ '2.0.0' ],
852 silly audit   debug: [ '4.4.3' ],
852 silly audit   gensync: [ '1.0.0-beta.2' ],
852 silly audit   json5: [ '2.2.3' ],
852 silly audit   semver: [ '6.3.1' ],
852 silly audit   '@babel/helper-validator-identifier': [ '7.29.7' ],
852 silly audit   'js-tokens': [ '4.0.0' ],
852 silly audit   picocolors: [ '1.1.1' ],
852 silly audit   jsesc: [ '3.1.0' ],
852 silly audit   '@babel/compat-data': [ '7.29.7' ],
852 silly audit   '@babel/helper-validator-option': [ '7.29.7' ],
852 silly audit   browserslist: [ '4.29.2' ],
852 silly audit   'lru-cache': [ '5.1.1' ],
852 silly audit   '@babel/helper-module-imports': [ '7.29.7' ],
852 silly audit   '@babel/helper-plugin-utils': [ '7.29.7' ],
852 silly audit   '@babel/helper-globals': [ '7.29.7' ],
852 silly audit   '@babel/helper-string-parser': [ '7.29.7' ],
852 silly audit   '@types/babel__generator': [ '7.27.0' ],
852 silly audit   '@types/babel__template': [ '7.4.4' ],
852 silly audit   '@types/babel__traverse': [ '7.28.0' ],
852 silly audit   'baseline-browser-mapping': [ '2.11.26' ],
852 silly audit   'caniuse-lite': [ '1.0.30001813' ],
852 silly audit   'electron-to-chromium': [ '1.5.440' ],
852 silly audit   'node-releases': [ '2.0.57' ],
852 silly audit   'update-browserslist-db': [ '1.3.3' ],
852 silly audit   ms: [ '2.1.3' ],
852 silly audit   'graceful-fs': [ '4.2.11' ],
852 silly audit   tapable: [ '2.3.3' ],
852 silly audit   'detect-libc': [ '2.1.2' ],
852 silly audit   'lightningcss-android-arm64': [ '1.32.0' ],
852 silly audit   'lightningcss-darwin-arm64': [ '1.32.0' ],
852 silly audit   'lightningcss-darwin-x64': [ '1.32.0' ],
852 silly audit   'lightningcss-freebsd-x64': [ '1.32.0' ],
852 silly audit   'lightningcss-linux-arm-gnueabihf': [ '1.32.0' ],
852 silly audit   'lightningcss-linux-arm64-gnu': [ '1.32.0' ],
852 silly audit   'lightningcss-linux-arm64-musl': [ '1.32.0' ],
852 silly audit   'lightningcss-linux-x64-gnu': [ '1.32.0' ],
852 silly audit   'lightningcss-linux-x64-musl': [ '1.32.0' ],
852 silly audit   'lightningcss-win32-arm64-msvc': [ '1.32.0' ],
852 silly audit   'lightningcss-win32-x64-msvc': [ '1.32.0' ],
852 silly audit   yallist: [ '3.1.1' ],
852 silly audit   scheduler: [ '0.28.0' ],
852 silly audit   escalade: [ '3.2.0' ],
852 silly audit   esbuild: [ '0.25.12' ],
852 silly audit   fdir: [ '6.5.0' ],
852 silly audit   fsevents: [ '2.3.3' ],
852 silly audit   picomatch: [ '4.0.7' ],
852 silly audit   postcss: [ '8.5.28' ],
852 silly audit   rollup: [ '4.63.5' ],
852 silly audit   tinyglobby: [ '0.2.17' ],
852 silly audit   '@esbuild/aix-ppc64': [ '0.25.12' ],
852 silly audit   '@esbuild/android-arm': [ '0.25.12' ],
852 silly audit   '@esbuild/android-arm64': [ '0.25.12' ],
852 silly audit   '@esbuild/android-x64': [ '0.25.12' ],
852 silly audit   '@esbuild/darwin-arm64': [ '0.25.12' ],
852 silly audit   '@esbuild/darwin-x64': [ '0.25.12' ],
852 silly audit   '@esbuild/freebsd-arm64': [ '0.25.12' ],
852 silly audit   '@esbuild/freebsd-x64': [ '0.25.12' ],
852 silly audit   '@esbuild/linux-arm': [ '0.25.12' ],
852 silly audit   '@esbuild/linux-arm64': [ '0.25.12' ],
852 silly audit   '@esbuild/linux-ia32': [ '0.25.12' ],
852 silly audit   '@esbuild/linux-loong64': [ '0.25.12' ],
852 silly audit   '@esbuild/linux-mips64el': [ '0.25.12' ],
852 silly audit   '@esbuild/linux-ppc64': [ '0.25.12' ],
852 silly audit   '@esbuild/linux-riscv64': [ '0.25.12' ],
852 silly audit   '@esbuild/linux-s390x': [ '0.25.12' ],
852 silly audit   '@esbuild/linux-x64': [ '0.25.12' ],
852 silly audit   '@esbuild/netbsd-arm64': [ '0.25.12' ],
852 silly audit   '@esbuild/netbsd-x64': [ '0.25.12' ],
852 silly audit   '@esbuild/openbsd-arm64': [ '0.25.12' ],
852 silly audit   '@esbuild/openbsd-x64': [ '0.25.12' ],
852 silly audit   '@esbuild/openharmony-arm64': [ '0.25.12' ],
852 silly audit   '@esbuild/sunos-x64': [ '0.25.12' ],
852 silly audit   '@esbuild/win32-arm64': [ '0.25.12' ],
852 silly audit   '@esbuild/win32-ia32': [ '0.25.12' ],
852 silly audit   '@esbuild/win32-x64': [ '0.25.12' ],
852 silly audit   nanoid: [ '3.3.19' ],
852 silly audit   '@napi-rs/lzma-linux-x64-gnu': [ '1.5.1' ],
852 silly audit   '@rollup/rollup-android-arm-eabi': [ '4.63.5' ],
852 silly audit   '@rollup/rollup-android-arm64': [ '4.63.5' ],
852 silly audit   '@rollup/rollup-darwin-arm64': [ '4.63.5' ],
852 silly audit   '@rollup/rollup-darwin-x64': [ '4.63.5' ],
852 silly audit   '@rollup/rollup-freebsd-arm64': [ '4.63.5' ],
852 silly audit   '@rollup/rollup-freebsd-x64': [ '4.63.5' ],
852 silly audit   '@rollup/rollup-linux-arm-gnueabihf': [ '4.63.5' ],
852 silly audit   '@rollup/rollup-linux-arm-musleabihf': [ '4.63.5' ],
852 silly audit   '@rollup/rollup-linux-arm64-gnu': [ '4.63.5' ],
852 silly audit   '@rollup/rollup-linux-arm64-musl': [ '4.63.5' ],
852 silly audit   '@rollup/rollup-linux-loong64-gnu': [ '4.63.5' ],
852 silly audit   '@rollup/rollup-linux-loong64-musl': [ '4.63.5' ],
852 silly audit   '@rollup/rollup-linux-ppc64-gnu': [ '4.63.5' ],
852 silly audit   '@rollup/rollup-linux-ppc64-musl': [ '4.63.5' ],
852 silly audit   '@rollup/rollup-linux-riscv64-gnu': [ '4.63.5' ],
852 silly audit   '@rollup/rollup-linux-riscv64-musl': [ '4.63.5' ],
852 silly audit   '@rollup/rollup-linux-s390x-gnu': [ '4.63.5' ],
852 silly audit   '@rollup/rollup-linux-x64-gnu': [ '4.63.5' ],
852 silly audit   '@rollup/rollup-linux-x64-musl': [ '4.63.5' ],
852 silly audit   '@rollup/rollup-openbsd-x64': [ '4.63.5' ],
852 silly audit   '@rollup/rollup-openharmony-arm64': [ '4.63.5' ],
852 silly audit   '@rollup/rollup-win32-arm64-msvc': [ '4.63.5' ],
852 silly audit   '@rollup/rollup-win32-ia32-msvc': [ '4.63.5' ],
852 silly audit   '@rollup/rollup-win32-x64-gnu': [ '4.63.5' ],
852 silly audit   '@rollup/rollup-win32-x64-msvc': [ '4.63.5' ],
852 silly audit   '@types/estree': [ '1.0.9' ],
852 silly audit   '@tailwindcss/oxide-wasm32-wasi': [ '4.3.3' ]
852 silly audit }
853 verbose reify failed optional dependency C:\xampp\htdocs\sergio-portfolio\sergio-portfolio\node_modules\@rollup\rollup-win32-ia32-msvc
854 silly reify mark deleted [
854 silly reify   'C:\\xampp\\htdocs\\sergio-portfolio\\sergio-portfolio\\node_modules\\@rollup\\rollup-win32-ia32-msvc'
854 silly reify ]
855 verbose reify failed optional dependency C:\xampp\htdocs\sergio-portfolio\sergio-portfolio\node_modules\@rollup\rollup-win32-arm64-msvc
856 silly reify mark deleted [
856 silly reify   'C:\\xampp\\htdocs\\sergio-portfolio\\sergio-portfolio\\node_modules\\@rollup\\rollup-win32-arm64-msvc'
856 silly reify ]
857 verbose reify failed optional dependency C:\xampp\htdocs\sergio-portfolio\sergio-portfolio\node_modules\@rollup\rollup-openharmony-arm64
858 silly reify mark deleted [
858 silly reify   'C:\\xampp\\htdocs\\sergio-portfolio\\sergio-portfolio\\node_modules\\@rollup\\rollup-openharmony-arm64'
858 silly reify ]
859 verbose reify failed optional dependency C:\xampp\htdocs\sergio-portfolio\sergio-portfolio\node_modules\@rollup\rollup-openbsd-x64
860 silly reify mark deleted [
860 silly reify   'C:\\xampp\\htdocs\\sergio-portfolio\\sergio-portfolio\\node_modules\\@rollup\\rollup-openbsd-x64'
860 silly reify ]
861 verbose reify failed optional dependency C:\xampp\htdocs\sergio-portfolio\sergio-portfolio\node_modules\@rollup\rollup-linux-x64-musl
862 silly reify mark deleted [
862 silly reify   'C:\\xampp\\htdocs\\sergio-portfolio\\sergio-portfolio\\node_modules\\@rollup\\rollup-linux-x64-musl'
862 silly reify ]
863 verbose reify failed optional dependency C:\xampp\htdocs\sergio-portfolio\sergio-portfolio\node_modules\@rollup\rollup-linux-x64-gnu
864 silly reify mark deleted [
864 silly reify   'C:\\xampp\\htdocs\\sergio-portfolio\\sergio-portfolio\\node_modules\\@rollup\\rollup-linux-x64-gnu'
864 silly reify ]
865 verbose reify failed optional dependency C:\xampp\htdocs\sergio-portfolio\sergio-portfolio\node_modules\@rollup\rollup-linux-s390x-gnu
866 silly reify mark deleted [
866 silly reify   'C:\\xampp\\htdocs\\sergio-portfolio\\sergio-portfolio\\node_modules\\@rollup\\rollup-linux-s390x-gnu'
866 silly reify ]
867 verbose reify failed optional dependency C:\xampp\htdocs\sergio-portfolio\sergio-portfolio\node_modules\@rollup\rollup-linux-riscv64-musl
868 silly reify mark deleted [
868 silly reify   'C:\\xampp\\htdocs\\sergio-portfolio\\sergio-portfolio\\node_modules\\@rollup\\rollup-linux-riscv64-musl'
868 silly reify ]
869 verbose reify failed optional dependency C:\xampp\htdocs\sergio-portfolio\sergio-portfolio\node_modules\@rollup\rollup-linux-riscv64-gnu
870 silly reify mark deleted [
870 silly reify   'C:\\xampp\\htdocs\\sergio-portfolio\\sergio-portfolio\\node_modules\\@rollup\\rollup-linux-riscv64-gnu'
870 silly reify ]
871 verbose reify failed optional dependency C:\xampp\htdocs\sergio-portfolio\sergio-portfolio\node_modules\@rollup\rollup-linux-ppc64-musl
872 silly reify mark deleted [
872 silly reify   'C:\\xampp\\htdocs\\sergio-portfolio\\sergio-portfolio\\node_modules\\@rollup\\rollup-linux-ppc64-musl'
872 silly reify ]
873 verbose reify failed optional dependency C:\xampp\htdocs\sergio-portfolio\sergio-portfolio\node_modules\@rollup\rollup-linux-ppc64-gnu
874 silly reify mark deleted [
874 silly reify   'C:\\xampp\\htdocs\\sergio-portfolio\\sergio-portfolio\\node_modules\\@rollup\\rollup-linux-ppc64-gnu'
874 silly reify ]
875 verbose reify failed optional dependency C:\xampp\htdocs\sergio-portfolio\sergio-portfolio\node_modules\@rollup\rollup-linux-loong64-musl
876 silly reify mark deleted [
876 silly reify   'C:\\xampp\\htdocs\\sergio-portfolio\\sergio-portfolio\\node_modules\\@rollup\\rollup-linux-loong64-musl'
876 silly reify ]
877 verbose reify failed optional dependency C:\xampp\htdocs\sergio-portfolio\sergio-portfolio\node_modules\@rollup\rollup-linux-loong64-gnu
878 silly reify mark deleted [
878 silly reify   'C:\\xampp\\htdocs\\sergio-portfolio\\sergio-portfolio\\node_modules\\@rollup\\rollup-linux-loong64-gnu'
878 silly reify ]
879 verbose reify failed optional dependency C:\xampp\htdocs\sergio-portfolio\sergio-portfolio\node_modules\@rollup\rollup-linux-arm64-musl
880 silly reify mark deleted [
880 silly reify   'C:\\xampp\\htdocs\\sergio-portfolio\\sergio-portfolio\\node_modules\\@rollup\\rollup-linux-arm64-musl'
880 silly reify ]
881 verbose reify failed optional dependency C:\xampp\htdocs\sergio-portfolio\sergio-portfolio\node_modules\@rollup\rollup-linux-arm64-gnu
882 silly reify mark deleted [
882 silly reify   'C:\\xampp\\htdocs\\sergio-portfolio\\sergio-portfolio\\node_modules\\@rollup\\rollup-linux-arm64-gnu'
882 silly reify ]
883 verbose reify failed optional dependency C:\xampp\htdocs\sergio-portfolio\sergio-portfolio\node_modules\@rollup\rollup-linux-arm-musleabihf
884 silly reify mark deleted [
884 silly reify   'C:\\xampp\\htdocs\\sergio-portfolio\\sergio-portfolio\\node_modules\\@rollup\\rollup-linux-arm-musleabihf'
884 silly reify ]
885 verbose reify failed optional dependency C:\xampp\htdocs\sergio-portfolio\sergio-portfolio\node_modules\@rollup\rollup-linux-arm-gnueabihf
886 silly reify mark deleted [
886 silly reify   'C:\\xampp\\htdocs\\sergio-portfolio\\sergio-portfolio\\node_modules\\@rollup\\rollup-linux-arm-gnueabihf'
886 silly reify ]
887 verbose reify failed optional dependency C:\xampp\htdocs\sergio-portfolio\sergio-portfolio\node_modules\@rollup\rollup-freebsd-x64
888 silly reify mark deleted [
888 silly reify   'C:\\xampp\\htdocs\\sergio-portfolio\\sergio-portfolio\\node_modules\\@rollup\\rollup-freebsd-x64'
888 silly reify ]
889 verbose reify failed optional dependency C:\xampp\htdocs\sergio-portfolio\sergio-portfolio\node_modules\@rollup\rollup-freebsd-arm64
890 silly reify mark deleted [
890 silly reify   'C:\\xampp\\htdocs\\sergio-portfolio\\sergio-portfolio\\node_modules\\@rollup\\rollup-freebsd-arm64'
890 silly reify ]
891 verbose reify failed optional dependency C:\xampp\htdocs\sergio-portfolio\sergio-portfolio\node_modules\@rollup\rollup-darwin-x64
892 silly reify mark deleted [
892 silly reify   'C:\\xampp\\htdocs\\sergio-portfolio\\sergio-portfolio\\node_modules\\@rollup\\rollup-darwin-x64'
892 silly reify ]
893 verbose reify failed optional dependency C:\xampp\htdocs\sergio-portfolio\sergio-portfolio\node_modules\@rollup\rollup-darwin-arm64
894 silly reify mark deleted [
894 silly reify   'C:\\xampp\\htdocs\\sergio-portfolio\\sergio-portfolio\\node_modules\\@rollup\\rollup-darwin-arm64'
894 silly reify ]
895 verbose reify failed optional dependency C:\xampp\htdocs\sergio-portfolio\sergio-portfolio\node_modules\@rollup\rollup-android-arm64
896 silly reify mark deleted [
896 silly reify   'C:\\xampp\\htdocs\\sergio-portfolio\\sergio-portfolio\\node_modules\\@rollup\\rollup-android-arm64'
896 silly reify ]
897 verbose reify failed optional dependency C:\xampp\htdocs\sergio-portfolio\sergio-portfolio\node_modules\@rollup\rollup-android-arm-eabi
898 silly reify mark deleted [
898 silly reify   'C:\\xampp\\htdocs\\sergio-portfolio\\sergio-portfolio\\node_modules\\@rollup\\rollup-android-arm-eabi'
898 silly reify ]
899 verbose reify failed optional dependency C:\xampp\htdocs\sergio-portfolio\sergio-portfolio\node_modules\@napi-rs\lzma-linux-x64-gnu
900 silly reify mark deleted [
900 silly reify   'C:\\xampp\\htdocs\\sergio-portfolio\\sergio-portfolio\\node_modules\\@napi-rs\\lzma-linux-x64-gnu'
900 silly reify ]
901 verbose reify failed optional dependency C:\xampp\htdocs\sergio-portfolio\sergio-portfolio\node_modules\@esbuild\win32-ia32
902 silly reify mark deleted [
902 silly reify   'C:\\xampp\\htdocs\\sergio-portfolio\\sergio-portfolio\\node_modules\\@esbuild\\win32-ia32'
902 silly reify ]
903 verbose reify failed optional dependency C:\xampp\htdocs\sergio-portfolio\sergio-portfolio\node_modules\@esbuild\win32-arm64
904 silly reify mark deleted [
904 silly reify   'C:\\xampp\\htdocs\\sergio-portfolio\\sergio-portfolio\\node_modules\\@esbuild\\win32-arm64'
904 silly reify ]
905 verbose reify failed optional dependency C:\xampp\htdocs\sergio-portfolio\sergio-portfolio\node_modules\@esbuild\sunos-x64
906 silly reify mark deleted [
906 silly reify   'C:\\xampp\\htdocs\\sergio-portfolio\\sergio-portfolio\\node_modules\\@esbuild\\sunos-x64'
906 silly reify ]
907 verbose reify failed optional dependency C:\xampp\htdocs\sergio-portfolio\sergio-portfolio\node_modules\@esbuild\openharmony-arm64
908 silly reify mark deleted [
908 silly reify   'C:\\xampp\\htdocs\\sergio-portfolio\\sergio-portfolio\\node_modules\\@esbuild\\openharmony-arm64'
908 silly reify ]
909 verbose reify failed optional dependency C:\xampp\htdocs\sergio-portfolio\sergio-portfolio\node_modules\@esbuild\openbsd-x64
910 silly reify mark deleted [
910 silly reify   'C:\\xampp\\htdocs\\sergio-portfolio\\sergio-portfolio\\node_modules\\@esbuild\\openbsd-x64'
910 silly reify ]
911 verbose reify failed optional dependency C:\xampp\htdocs\sergio-portfolio\sergio-portfolio\node_modules\@esbuild\openbsd-arm64
912 silly reify mark deleted [
912 silly reify   'C:\\xampp\\htdocs\\sergio-portfolio\\sergio-portfolio\\node_modules\\@esbuild\\openbsd-arm64'
912 silly reify ]
913 verbose reify failed optional dependency C:\xampp\htdocs\sergio-portfolio\sergio-portfolio\node_modules\@esbuild\netbsd-x64
914 silly reify mark deleted [
914 silly reify   'C:\\xampp\\htdocs\\sergio-portfolio\\sergio-portfolio\\node_modules\\@esbuild\\netbsd-x64'
914 silly reify ]
915 verbose reify failed optional dependency C:\xampp\htdocs\sergio-portfolio\sergio-portfolio\node_modules\@esbuild\netbsd-arm64
916 silly reify mark deleted [
916 silly reify   'C:\\xampp\\htdocs\\sergio-portfolio\\sergio-portfolio\\node_modules\\@esbuild\\netbsd-arm64'
916 silly reify ]
917 verbose reify failed optional dependency C:\xampp\htdocs\sergio-portfolio\sergio-portfolio\node_modules\@esbuild\linux-x64
918 silly reify mark deleted [
918 silly reify   'C:\\xampp\\htdocs\\sergio-portfolio\\sergio-portfolio\\node_modules\\@esbuild\\linux-x64'
918 silly reify ]
919 verbose reify failed optional dependency C:\xampp\htdocs\sergio-portfolio\sergio-portfolio\node_modules\@esbuild\linux-s390x
920 silly reify mark deleted [
920 silly reify   'C:\\xampp\\htdocs\\sergio-portfolio\\sergio-portfolio\\node_modules\\@esbuild\\linux-s390x'
920 silly reify ]
921 verbose reify failed optional dependency C:\xampp\htdocs\sergio-portfolio\sergio-portfolio\node_modules\@esbuild\linux-riscv64
922 silly reify mark deleted [
922 silly reify   'C:\\xampp\\htdocs\\sergio-portfolio\\sergio-portfolio\\node_modules\\@esbuild\\linux-riscv64'
922 silly reify ]
923 verbose reify failed optional dependency C:\xampp\htdocs\sergio-portfolio\sergio-portfolio\node_modules\@esbuild\linux-ppc64
924 silly reify mark deleted [
924 silly reify   'C:\\xampp\\htdocs\\sergio-portfolio\\sergio-portfolio\\node_modules\\@esbuild\\linux-ppc64'
924 silly reify ]
925 verbose reify failed optional dependency C:\xampp\htdocs\sergio-portfolio\sergio-portfolio\node_modules\@esbuild\linux-mips64el
926 silly reify mark deleted [
926 silly reify   'C:\\xampp\\htdocs\\sergio-portfolio\\sergio-portfolio\\node_modules\\@esbuild\\linux-mips64el'
926 silly reify ]
927 verbose reify failed optional dependency C:\xampp\htdocs\sergio-portfolio\sergio-portfolio\node_modules\@esbuild\linux-loong64
928 silly reify mark deleted [
928 silly reify   'C:\\xampp\\htdocs\\sergio-portfolio\\sergio-portfolio\\node_modules\\@esbuild\\linux-loong64'
928 silly reify ]
929 verbose reify failed optional dependency C:\xampp\htdocs\sergio-portfolio\sergio-portfolio\node_modules\@esbuild\linux-ia32
930 silly reify mark deleted [
930 silly reify   'C:\\xampp\\htdocs\\sergio-portfolio\\sergio-portfolio\\node_modules\\@esbuild\\linux-ia32'
930 silly reify ]
931 verbose reify failed optional dependency C:\xampp\htdocs\sergio-portfolio\sergio-portfolio\node_modules\@esbuild\linux-arm64
932 silly reify mark deleted [
932 silly reify   'C:\\xampp\\htdocs\\sergio-portfolio\\sergio-portfolio\\node_modules\\@esbuild\\linux-arm64'
932 silly reify ]
933 verbose reify failed optional dependency C:\xampp\htdocs\sergio-portfolio\sergio-portfolio\node_modules\@esbuild\linux-arm
934 silly reify mark deleted [
934 silly reify   'C:\\xampp\\htdocs\\sergio-portfolio\\sergio-portfolio\\node_modules\\@esbuild\\linux-arm'
934 silly reify ]
935 verbose reify failed optional dependency C:\xampp\htdocs\sergio-portfolio\sergio-portfolio\node_modules\@esbuild\freebsd-x64
936 silly reify mark deleted [
936 silly reify   'C:\\xampp\\htdocs\\sergio-portfolio\\sergio-portfolio\\node_modules\\@esbuild\\freebsd-x64'
936 silly reify ]
937 verbose reify failed optional dependency C:\xampp\htdocs\sergio-portfolio\sergio-portfolio\node_modules\@esbuild\freebsd-arm64
938 silly reify mark deleted [
938 silly reify   'C:\\xampp\\htdocs\\sergio-portfolio\\sergio-portfolio\\node_modules\\@esbuild\\freebsd-arm64'
938 silly reify ]
939 verbose reify failed optional dependency C:\xampp\htdocs\sergio-portfolio\sergio-portfolio\node_modules\@esbuild\darwin-x64
940 silly reify mark deleted [
940 silly reify   'C:\\xampp\\htdocs\\sergio-portfolio\\sergio-portfolio\\node_modules\\@esbuild\\darwin-x64'
940 silly reify ]
941 verbose reify failed optional dependency C:\xampp\htdocs\sergio-portfolio\sergio-portfolio\node_modules\@esbuild\darwin-arm64
942 silly reify mark deleted [
942 silly reify   'C:\\xampp\\htdocs\\sergio-portfolio\\sergio-portfolio\\node_modules\\@esbuild\\darwin-arm64'
942 silly reify ]
943 verbose reify failed optional dependency C:\xampp\htdocs\sergio-portfolio\sergio-portfolio\node_modules\@esbuild\android-x64
944 silly reify mark deleted [
944 silly reify   'C:\\xampp\\htdocs\\sergio-portfolio\\sergio-portfolio\\node_modules\\@esbuild\\android-x64'
944 silly reify ]
945 verbose reify failed optional dependency C:\xampp\htdocs\sergio-portfolio\sergio-portfolio\node_modules\@esbuild\android-arm64
946 silly reify mark deleted [
946 silly reify   'C:\\xampp\\htdocs\\sergio-portfolio\\sergio-portfolio\\node_modules\\@esbuild\\android-arm64'
946 silly reify ]
947 verbose reify failed optional dependency C:\xampp\htdocs\sergio-portfolio\sergio-portfolio\node_modules\@esbuild\android-arm
948 silly reify mark deleted [
948 silly reify   'C:\\xampp\\htdocs\\sergio-portfolio\\sergio-portfolio\\node_modules\\@esbuild\\android-arm'
948 silly reify ]
949 verbose reify failed optional dependency C:\xampp\htdocs\sergio-portfolio\sergio-portfolio\node_modules\@esbuild\aix-ppc64
950 silly reify mark deleted [
950 silly reify   'C:\\xampp\\htdocs\\sergio-portfolio\\sergio-portfolio\\node_modules\\@esbuild\\aix-ppc64'
950 silly reify ]
951 verbose reify failed optional dependency C:\xampp\htdocs\sergio-portfolio\sergio-portfolio\node_modules\fsevents
952 silly reify mark deleted [
952 silly reify   'C:\\xampp\\htdocs\\sergio-portfolio\\sergio-portfolio\\node_modules\\fsevents'
952 silly reify ]
953 verbose reify failed optional dependency C:\xampp\htdocs\sergio-portfolio\sergio-portfolio\node_modules\lightningcss-win32-arm64-msvc
954 silly reify mark deleted [
954 silly reify   'C:\\xampp\\htdocs\\sergio-portfolio\\sergio-portfolio\\node_modules\\lightningcss-win32-arm64-msvc'
954 silly reify ]
955 verbose reify failed optional dependency C:\xampp\htdocs\sergio-portfolio\sergio-portfolio\node_modules\lightningcss-linux-x64-musl
956 silly reify mark deleted [
956 silly reify   'C:\\xampp\\htdocs\\sergio-portfolio\\sergio-portfolio\\node_modules\\lightningcss-linux-x64-musl'
956 silly reify ]
957 verbose reify failed optional dependency C:\xampp\htdocs\sergio-portfolio\sergio-portfolio\node_modules\lightningcss-linux-x64-gnu
958 silly reify mark deleted [
958 silly reify   'C:\\xampp\\htdocs\\sergio-portfolio\\sergio-portfolio\\node_modules\\lightningcss-linux-x64-gnu'
958 silly reify ]
959 verbose reify failed optional dependency C:\xampp\htdocs\sergio-portfolio\sergio-portfolio\node_modules\lightningcss-linux-arm64-musl
960 silly reify mark deleted [
960 silly reify   'C:\\xampp\\htdocs\\sergio-portfolio\\sergio-portfolio\\node_modules\\lightningcss-linux-arm64-musl'
960 silly reify ]
961 verbose reify failed optional dependency C:\xampp\htdocs\sergio-portfolio\sergio-portfolio\node_modules\lightningcss-linux-arm64-gnu
962 silly reify mark deleted [
962 silly reify   'C:\\xampp\\htdocs\\sergio-portfolio\\sergio-portfolio\\node_modules\\lightningcss-linux-arm64-gnu'
962 silly reify ]
963 verbose reify failed optional dependency C:\xampp\htdocs\sergio-portfolio\sergio-portfolio\node_modules\lightningcss-linux-arm-gnueabihf
964 silly reify mark deleted [
964 silly reify   'C:\\xampp\\htdocs\\sergio-portfolio\\sergio-portfolio\\node_modules\\lightningcss-linux-arm-gnueabihf'
964 silly reify ]
965 verbose reify failed optional dependency C:\xampp\htdocs\sergio-portfolio\sergio-portfolio\node_modules\lightningcss-freebsd-x64
966 silly reify mark deleted [
966 silly reify   'C:\\xampp\\htdocs\\sergio-portfolio\\sergio-portfolio\\node_modules\\lightningcss-freebsd-x64'
966 silly reify ]
967 verbose reify failed optional dependency C:\xampp\htdocs\sergio-portfolio\sergio-portfolio\node_modules\lightningcss-darwin-x64
968 silly reify mark deleted [
968 silly reify   'C:\\xampp\\htdocs\\sergio-portfolio\\sergio-portfolio\\node_modules\\lightningcss-darwin-x64'
968 silly reify ]
969 verbose reify failed optional dependency C:\xampp\htdocs\sergio-portfolio\sergio-portfolio\node_modules\lightningcss-darwin-arm64
970 silly reify mark deleted [
970 silly reify   'C:\\xampp\\htdocs\\sergio-portfolio\\sergio-portfolio\\node_modules\\lightningcss-darwin-arm64'
970 silly reify ]
971 verbose reify failed optional dependency C:\xampp\htdocs\sergio-portfolio\sergio-portfolio\node_modules\lightningcss-android-arm64
972 silly reify mark deleted [
972 silly reify   'C:\\xampp\\htdocs\\sergio-portfolio\\sergio-portfolio\\node_modules\\lightningcss-android-arm64'
972 silly reify ]
973 verbose reify failed optional dependency C:\xampp\htdocs\sergio-portfolio\sergio-portfolio\node_modules\@tailwindcss\oxide-win32-arm64-msvc
974 silly reify mark deleted [
974 silly reify   'C:\\xampp\\htdocs\\sergio-portfolio\\sergio-portfolio\\node_modules\\@tailwindcss\\oxide-win32-arm64-msvc'
974 silly reify ]
975 verbose reify failed optional dependency C:\xampp\htdocs\sergio-portfolio\sergio-portfolio\node_modules\@tailwindcss\oxide-linux-x64-musl
976 silly reify mark deleted [
976 silly reify   'C:\\xampp\\htdocs\\sergio-portfolio\\sergio-portfolio\\node_modules\\@tailwindcss\\oxide-linux-x64-musl'
976 silly reify ]
977 verbose reify failed optional dependency C:\xampp\htdocs\sergio-portfolio\sergio-portfolio\node_modules\@tailwindcss\oxide-linux-x64-gnu
978 silly reify mark deleted [
978 silly reify   'C:\\xampp\\htdocs\\sergio-portfolio\\sergio-portfolio\\node_modules\\@tailwindcss\\oxide-linux-x64-gnu'
978 silly reify ]
979 verbose reify failed optional dependency C:\xampp\htdocs\sergio-portfolio\sergio-portfolio\node_modules\@tailwindcss\oxide-linux-arm64-musl
980 silly reify mark deleted [
980 silly reify   'C:\\xampp\\htdocs\\sergio-portfolio\\sergio-portfolio\\node_modules\\@tailwindcss\\oxide-linux-arm64-musl'
980 silly reify ]
981 verbose reify failed optional dependency C:\xampp\htdocs\sergio-portfolio\sergio-portfolio\node_modules\@tailwindcss\oxide-linux-arm64-gnu
982 silly reify mark deleted [
982 silly reify   'C:\\xampp\\htdocs\\sergio-portfolio\\sergio-portfolio\\node_modules\\@tailwindcss\\oxide-linux-arm64-gnu'
982 silly reify ]
983 verbose reify failed optional dependency C:\xampp\htdocs\sergio-portfolio\sergio-portfolio\node_modules\@tailwindcss\oxide-linux-arm-gnueabihf
984 silly reify mark deleted [
984 silly reify   'C:\\xampp\\htdocs\\sergio-portfolio\\sergio-portfolio\\node_modules\\@tailwindcss\\oxide-linux-arm-gnueabihf'
984 silly reify ]
985 verbose reify failed optional dependency C:\xampp\htdocs\sergio-portfolio\sergio-portfolio\node_modules\@tailwindcss\oxide-freebsd-x64
986 silly reify mark deleted [
986 silly reify   'C:\\xampp\\htdocs\\sergio-portfolio\\sergio-portfolio\\node_modules\\@tailwindcss\\oxide-freebsd-x64'
986 silly reify ]
987 verbose reify failed optional dependency C:\xampp\htdocs\sergio-portfolio\sergio-portfolio\node_modules\@tailwindcss\oxide-darwin-x64
988 silly reify mark deleted [
988 silly reify   'C:\\xampp\\htdocs\\sergio-portfolio\\sergio-portfolio\\node_modules\\@tailwindcss\\oxide-darwin-x64'
988 silly reify ]
989 verbose reify failed optional dependency C:\xampp\htdocs\sergio-portfolio\sergio-portfolio\node_modules\@tailwindcss\oxide-darwin-arm64
990 silly reify mark deleted [
990 silly reify   'C:\\xampp\\htdocs\\sergio-portfolio\\sergio-portfolio\\node_modules\\@tailwindcss\\oxide-darwin-arm64'
990 silly reify ]
991 verbose reify failed optional dependency C:\xampp\htdocs\sergio-portfolio\sergio-portfolio\node_modules\@tailwindcss\oxide-android-arm64
992 silly reify mark deleted [
992 silly reify   'C:\\xampp\\htdocs\\sergio-portfolio\\sergio-portfolio\\node_modules\\@tailwindcss\\oxide-android-arm64'
992 silly reify ]
993 silly tarball no local data for @types/estree@https://registry.npmjs.org/@types/estree/-/estree-1.0.9.tgz. Extracting by manifest.
994 silly tarball no local data for @rollup/rollup-win32-x64-gnu@https://registry.npmjs.org/@rollup/rollup-win32-x64-gnu/-/rollup-win32-x64-gnu-4.63.5.tgz. Extracting by manifest.
995 silly tarball no local data for @rollup/rollup-win32-x64-msvc@https://registry.npmjs.org/@rollup/rollup-win32-x64-msvc/-/rollup-win32-x64-msvc-4.63.5.tgz. Extracting by manifest.
996 silly tarball no local data for nanoid@https://registry.npmjs.org/nanoid/-/nanoid-3.3.19.tgz. Extracting by manifest.
997 silly tarball no local data for @esbuild/win32-x64@https://registry.npmjs.org/@esbuild/win32-x64/-/win32-x64-0.25.12.tgz. Extracting by manifest.
998 silly tarball no local data for tinyglobby@https://registry.npmjs.org/tinyglobby/-/tinyglobby-0.2.17.tgz. Extracting by manifest.
999 silly tarball no local data for postcss@https://registry.npmjs.org/postcss/-/postcss-8.5.28.tgz. Extracting by manifest.
1000 silly tarball no local data for picomatch@https://registry.npmjs.org/picomatch/-/picomatch-4.0.7.tgz. Extracting by manifest.
1001 silly tarball no local data for rollup@https://registry.npmjs.org/rollup/-/rollup-4.63.5.tgz. Extracting by manifest.
1002 silly tarball no local data for fdir@https://registry.npmjs.org/fdir/-/fdir-6.5.0.tgz. Extracting by manifest.
1003 silly tarball no local data for esbuild@https://registry.npmjs.org/esbuild/-/esbuild-0.25.12.tgz. Extracting by manifest.
1004 silly tarball no local data for yallist@https://registry.npmjs.org/yallist/-/yallist-3.1.1.tgz. Extracting by manifest.
1005 silly tarball no local data for scheduler@https://registry.npmjs.org/scheduler/-/scheduler-0.28.0.tgz. Extracting by manifest.
1006 silly tarball no local data for escalade@https://registry.npmjs.org/escalade/-/escalade-3.2.0.tgz. Extracting by manifest.
1007 silly tarball no local data for detect-libc@https://registry.npmjs.org/detect-libc/-/detect-libc-2.1.2.tgz. Extracting by manifest.
1008 silly tarball no local data for lightningcss-win32-x64-msvc@https://registry.npmjs.org/lightningcss-win32-x64-msvc/-/lightningcss-win32-x64-msvc-1.32.0.tgz. Extracting by manifest.
1009 silly tarball no local data for ms@https://registry.npmjs.org/ms/-/ms-2.1.3.tgz. Extracting by manifest.
1010 silly tarball no local data for tapable@https://registry.npmjs.org/tapable/-/tapable-2.3.3.tgz. Extracting by manifest.
1011 silly tarball no local data for update-browserslist-db@https://registry.npmjs.org/update-browserslist-db/-/update-browserslist-db-1.3.3.tgz. Extracting by manifest.
1012 silly tarball no local data for electron-to-chromium@https://registry.npmjs.org/electron-to-chromium/-/electron-to-chromium-1.5.440.tgz. Extracting by manifest.
1013 silly tarball no local data for caniuse-lite@https://registry.npmjs.org/caniuse-lite/-/caniuse-lite-1.0.30001813.tgz. Extracting by manifest.
1014 silly tarball no local data for node-releases@https://registry.npmjs.org/node-releases/-/node-releases-2.0.57.tgz. Extracting by manifest.
1015 silly tarball no local data for baseline-browser-mapping@https://registry.npmjs.org/baseline-browser-mapping/-/baseline-browser-mapping-2.11.26.tgz. Extracting by manifest.
1016 silly tarball no local data for @types/babel__traverse@https://registry.npmjs.org/@types/babel__traverse/-/babel__traverse-7.28.0.tgz. Extracting by manifest.
1017 silly tarball no local data for @types/babel__template@https://registry.npmjs.org/@types/babel__template/-/babel__template-7.4.4.tgz. Extracting by manifest.
1018 silly tarball no local data for @types/babel__generator@https://registry.npmjs.org/@types/babel__generator/-/babel__generator-7.27.0.tgz. Extracting by manifest.
1019 silly tarball no local data for @babel/helper-string-parser@https://registry.npmjs.org/@babel/helper-string-parser/-/helper-string-parser-7.29.7.tgz. Extracting by manifest.
1020 silly tarball no local data for @babel/helper-globals@https://registry.npmjs.org/@babel/helper-globals/-/helper-globals-7.29.7.tgz. Extracting by manifest.
1021 silly tarball no local data for @babel/helper-plugin-utils@https://registry.npmjs.org/@babel/helper-plugin-utils/-/helper-plugin-utils-7.29.7.tgz. Extracting by manifest.
1022 silly tarball no local data for @babel/helper-module-imports@https://registry.npmjs.org/@babel/helper-module-imports/-/helper-module-imports-7.29.7.tgz. Extracting by manifest.
1023 silly tarball no local data for lru-cache@https://registry.npmjs.org/lru-cache/-/lru-cache-5.1.1.tgz. Extracting by manifest.
1024 silly tarball no local data for browserslist@https://registry.npmjs.org/browserslist/-/browserslist-4.29.2.tgz. Extracting by manifest.
1025 silly tarball no local data for @babel/helper-validator-option@https://registry.npmjs.org/@babel/helper-validator-option/-/helper-validator-option-7.29.7.tgz. Extracting by manifest.
1026 silly tarball no local data for @babel/helper-validator-identifier@https://registry.npmjs.org/@babel/helper-validator-identifier/-/helper-validator-identifier-7.29.7.tgz. Extracting by manifest.
1027 silly tarball no local data for @babel/compat-data@https://registry.npmjs.org/@babel/compat-data/-/compat-data-7.29.7.tgz. Extracting by manifest.
1028 silly tarball no local data for jsesc@https://registry.npmjs.org/jsesc/-/jsesc-3.1.0.tgz. Extracting by manifest.
1029 silly tarball no local data for js-tokens@https://registry.npmjs.org/js-tokens/-/js-tokens-4.0.0.tgz. Extracting by manifest.
1030 silly tarball no local data for picocolors@https://registry.npmjs.org/picocolors/-/picocolors-1.1.1.tgz. Extracting by manifest.
1031 silly tarball no local data for semver@https://registry.npmjs.org/semver/-/semver-6.3.1.tgz. Extracting by manifest.
1032 silly tarball no local data for json5@https://registry.npmjs.org/json5/-/json5-2.2.3.tgz. Extracting by manifest.
1033 silly tarball no local data for debug@https://registry.npmjs.org/debug/-/debug-4.4.3.tgz. Extracting by manifest.
1034 silly tarball no local data for gensync@https://registry.npmjs.org/gensync/-/gensync-1.0.0-beta.2.tgz. Extracting by manifest.
1035 silly tarball no local data for @babel/types@https://registry.npmjs.org/@babel/types/-/types-7.29.8.tgz. Extracting by manifest.
1036 silly tarball no local data for @babel/traverse@https://registry.npmjs.org/@babel/traverse/-/traverse-7.29.8.tgz. Extracting by manifest.
1037 silly tarball no local data for convert-source-map@https://registry.npmjs.org/convert-source-map/-/convert-source-map-2.0.0.tgz. Extracting by manifest.
1038 silly tarball no local data for @babel/parser@https://registry.npmjs.org/@babel/parser/-/parser-7.29.9.tgz. Extracting by manifest.
1039 silly tarball no local data for @babel/template@https://registry.npmjs.org/@babel/template/-/template-7.29.7.tgz. Extracting by manifest.
1040 silly tarball no local data for @babel/helper-module-transforms@https://registry.npmjs.org/@babel/helper-module-transforms/-/helper-module-transforms-7.29.7.tgz. Extracting by manifest.
1041 silly tarball no local data for @babel/generator@https://registry.npmjs.org/@babel/generator/-/generator-7.29.8.tgz. Extracting by manifest.
1042 silly tarball no local data for @babel/helper-compilation-targets@https://registry.npmjs.org/@babel/helper-compilation-targets/-/helper-compilation-targets-7.29.7.tgz. Extracting by manifest.
1043 silly tarball no local data for @babel/helpers@https://registry.npmjs.org/@babel/helpers/-/helpers-7.29.7.tgz. Extracting by manifest.
1044 silly tarball no local data for @babel/code-frame@https://registry.npmjs.org/@babel/code-frame/-/code-frame-7.29.7.tgz. Extracting by manifest.
1045 silly tarball no local data for react-refresh@https://registry.npmjs.org/react-refresh/-/react-refresh-0.17.0.tgz. Extracting by manifest.
1046 silly tarball no local data for @types/babel__core@https://registry.npmjs.org/@types/babel__core/-/babel__core-7.20.5.tgz. Extracting by manifest.
1047 silly tarball no local data for @babel/plugin-transform-react-jsx-source@https://registry.npmjs.org/@babel/plugin-transform-react-jsx-source/-/plugin-transform-react-jsx-source-7.29.7.tgz. Extracting by manifest.
1048 silly tarball no local data for @babel/plugin-transform-react-jsx-self@https://registry.npmjs.org/@babel/plugin-transform-react-jsx-self/-/plugin-transform-react-jsx-self-7.29.7.tgz. Extracting by manifest.
1049 silly tarball no local data for @rolldown/pluginutils@https://registry.npmjs.org/@rolldown/pluginutils/-/pluginutils-1.0.0-beta.27.tgz. Extracting by manifest.
1050 silly tarball no local data for @babel/core@https://registry.npmjs.org/@babel/core/-/core-7.29.7.tgz. Extracting by manifest.
1051 silly tarball no local data for source-map-js@https://registry.npmjs.org/source-map-js/-/source-map-js-1.2.1.tgz. Extracting by manifest.
1052 silly tarball no local data for @tailwindcss/oxide-win32-x64-msvc@https://registry.npmjs.org/@tailwindcss/oxide-win32-x64-msvc/-/oxide-win32-x64-msvc-4.3.3.tgz. Extracting by manifest.
1053 silly tarball no local data for @jridgewell/sourcemap-codec@https://registry.npmjs.org/@jridgewell/sourcemap-codec/-/sourcemap-codec-1.6.0.tgz. Extracting by manifest.
1054 silly tarball no local data for @jridgewell/trace-mapping@https://registry.npmjs.org/@jridgewell/trace-mapping/-/trace-mapping-0.3.31.tgz. Extracting by manifest.
1055 silly tarball no local data for @jridgewell/gen-mapping@https://registry.npmjs.org/@jridgewell/gen-mapping/-/gen-mapping-0.3.13.tgz. Extracting by manifest.
1056 silly tarball no local data for graceful-fs@https://registry.npmjs.org/graceful-fs/-/graceful-fs-4.2.11.tgz. Extracting by manifest.
1057 silly tarball no local data for magic-string@https://registry.npmjs.org/magic-string/-/magic-string-0.30.21.tgz. Extracting by manifest.
1058 silly tarball no local data for @jridgewell/resolve-uri@https://registry.npmjs.org/@jridgewell/resolve-uri/-/resolve-uri-3.1.2.tgz. Extracting by manifest.
1059 silly tarball no local data for lightningcss@https://registry.npmjs.org/lightningcss/-/lightningcss-1.32.0.tgz. Extracting by manifest.
1060 silly tarball no local data for jiti@https://registry.npmjs.org/jiti/-/jiti-2.7.0.tgz. Extracting by manifest.
1061 silly tarball no local data for @tailwindcss/oxide@https://registry.npmjs.org/@tailwindcss/oxide/-/oxide-4.3.3.tgz. Extracting by manifest.
1062 silly tarball no local data for enhanced-resolve@https://registry.npmjs.org/enhanced-resolve/-/enhanced-resolve-5.25.1.tgz. Extracting by manifest.
1063 silly tarball no local data for @jridgewell/remapping@https://registry.npmjs.org/@jridgewell/remapping/-/remapping-2.3.5.tgz. Extracting by manifest.
1064 silly tarball no local data for @tailwindcss/node@https://registry.npmjs.org/@tailwindcss/node/-/node-4.3.3.tgz. Extracting by manifest.
1065 silly tarball no local data for tailwindcss@https://registry.npmjs.org/tailwindcss/-/tailwindcss-4.3.3.tgz. Extracting by manifest.
1066 silly tarball no local data for react-dom@https://registry.npmjs.org/react-dom/-/react-dom-19.3.0.tgz. Extracting by manifest.
1067 silly tarball no local data for @vitejs/plugin-react@https://registry.npmjs.org/@vitejs/plugin-react/-/plugin-react-4.7.0.tgz. Extracting by manifest.
1068 silly tarball no local data for react@https://registry.npmjs.org/react/-/react-19.3.0.tgz. Extracting by manifest.
1069 silly tarball no local data for vite@https://registry.npmjs.org/vite/-/vite-6.4.3.tgz. Extracting by manifest.
1070 silly tarball no local data for @tailwindcss/vite@https://registry.npmjs.org/@tailwindcss/vite/-/vite-4.3.3.tgz. Extracting by manifest.
1071 http fetch GET 200 https://registry.npmjs.org/@types/estree/-/estree-1.0.9.tgz 133ms (cache miss)
1072 http fetch GET 200 https://registry.npmjs.org/nanoid/-/nanoid-3.3.19.tgz 154ms (cache miss)
1073 http fetch GET 200 https://registry.npmjs.org/tinyglobby/-/tinyglobby-0.2.17.tgz 181ms (cache miss)
1074 http fetch POST 200 https://registry.npmjs.org/-/npm/v1/security/advisories/bulk 260ms
1075 silly audit report {}
1076 http fetch GET 200 https://registry.npmjs.org/detect-libc/-/detect-libc-2.1.2.tgz 232ms (cache miss)
1077 http fetch GET 200 https://registry.npmjs.org/picomatch/-/picomatch-4.0.7.tgz 453ms (cache miss)
1078 http fetch GET 200 https://registry.npmjs.org/yallist/-/yallist-3.1.1.tgz 518ms (cache miss)
1079 http fetch GET 200 https://registry.npmjs.org/postcss/-/postcss-8.5.28.tgz 581ms (cache miss)
1080 http fetch GET 200 https://registry.npmjs.org/update-browserslist-db/-/update-browserslist-db-1.3.3.tgz 579ms (cache miss)
1081 http fetch GET 200 https://registry.npmjs.org/esbuild/-/esbuild-0.25.12.tgz 898ms (cache miss)
1082 http fetch GET 200 https://registry.npmjs.org/electron-to-chromium/-/electron-to-chromium-1.5.440.tgz 1153ms (cache miss)
1083 http fetch GET 200 https://registry.npmjs.org/node-releases/-/node-releases-2.0.57.tgz 1319ms (cache miss)
1084 http fetch GET 200 https://registry.npmjs.org/escalade/-/escalade-3.2.0.tgz 1811ms (cache miss)
1085 http fetch GET 200 https://registry.npmjs.org/scheduler/-/scheduler-0.28.0.tgz 1852ms (cache miss)
1086 http fetch GET 200 https://registry.npmjs.org/tapable/-/tapable-2.3.3.tgz 1918ms (cache miss)
1087 http fetch GET 200 https://registry.npmjs.org/fdir/-/fdir-6.5.0.tgz 1984ms (cache miss)
1088 http fetch GET 200 https://registry.npmjs.org/@types/babel__traverse/-/babel__traverse-7.28.0.tgz 2071ms (cache miss)
1089 http fetch GET 200 https://registry.npmjs.org/@types/babel__template/-/babel__template-7.4.4.tgz 2097ms (cache miss)
1090 http fetch GET 200 https://registry.npmjs.org/@types/babel__generator/-/babel__generator-7.27.0.tgz 2170ms (cache miss)
1091 http fetch GET 200 https://registry.npmjs.org/browserslist/-/browserslist-4.29.2.tgz 2395ms (cache miss)
1092 http fetch GET 200 https://registry.npmjs.org/@babel/helper-validator-option/-/helper-validator-option-7.29.7.tgz 2526ms (cache miss)
1093 http fetch GET 200 https://registry.npmjs.org/@babel/helper-plugin-utils/-/helper-plugin-utils-7.29.7.tgz 2593ms (cache miss)
1094 http fetch GET 200 https://registry.npmjs.org/lru-cache/-/lru-cache-5.1.1.tgz 2651ms (cache miss)
1095 http fetch GET 200 https://registry.npmjs.org/ms/-/ms-2.1.3.tgz 2718ms (cache miss)
1096 http fetch GET 200 https://registry.npmjs.org/@babel/compat-data/-/compat-data-7.29.7.tgz 2876ms (cache miss)
1097 http fetch GET 200 https://registry.npmjs.org/baseline-browser-mapping/-/baseline-browser-mapping-2.11.26.tgz 2908ms (cache miss)
1098 http fetch GET 200 https://registry.npmjs.org/@babel/helper-globals/-/helper-globals-7.29.7.tgz 2954ms (cache miss)
1099 http fetch GET 200 https://registry.npmjs.org/js-tokens/-/js-tokens-4.0.0.tgz 3075ms (cache miss)
1100 http fetch GET 200 https://registry.npmjs.org/picocolors/-/picocolors-1.1.1.tgz 3108ms (cache miss)
1101 http fetch GET 200 https://registry.npmjs.org/@babel/helper-module-imports/-/helper-module-imports-7.29.7.tgz 3254ms (cache miss)
1102 http fetch GET 200 https://registry.npmjs.org/gensync/-/gensync-1.0.0-beta.2.tgz 3409ms (cache miss)
1103 http fetch GET 200 https://registry.npmjs.org/debug/-/debug-4.4.3.tgz 3498ms (cache miss)
1104 http fetch GET 200 https://registry.npmjs.org/@babel/helper-string-parser/-/helper-string-parser-7.29.7.tgz 3652ms (cache miss)
1105 http fetch GET 200 https://registry.npmjs.org/semver/-/semver-6.3.1.tgz 3927ms (cache miss)
1106 http fetch GET 200 https://registry.npmjs.org/jsesc/-/jsesc-3.1.0.tgz 4144ms (cache miss)
1107 http fetch GET 200 https://registry.npmjs.org/@babel/helper-validator-identifier/-/helper-validator-identifier-7.29.7.tgz 4495ms (cache miss)
1108 http fetch GET 200 https://registry.npmjs.org/json5/-/json5-2.2.3.tgz 4557ms (cache miss)
1109 http fetch GET 200 https://registry.npmjs.org/@babel/template/-/template-7.29.7.tgz 4867ms (cache miss)
1110 http fetch GET 200 https://registry.npmjs.org/@babel/helper-compilation-targets/-/helper-compilation-targets-7.29.7.tgz 4935ms (cache miss)
1111 http fetch GET 200 https://registry.npmjs.org/caniuse-lite/-/caniuse-lite-1.0.30001813.tgz 5344ms (cache miss)
1112 http fetch GET 200 https://registry.npmjs.org/@babel/code-frame/-/code-frame-7.29.7.tgz 5349ms (cache miss)
1113 http fetch GET 200 https://registry.npmjs.org/convert-source-map/-/convert-source-map-2.0.0.tgz 5621ms (cache miss)
1114 http fetch GET 200 https://registry.npmjs.org/react-refresh/-/react-refresh-0.17.0.tgz 5649ms (cache miss)
1115 http fetch GET 200 https://registry.npmjs.org/@babel/helper-module-transforms/-/helper-module-transforms-7.29.7.tgz 5739ms (cache miss)
1116 http fetch GET 200 https://registry.npmjs.org/@types/babel__core/-/babel__core-7.20.5.tgz 5757ms (cache miss)
1117 http fetch GET 200 https://registry.npmjs.org/@babel/plugin-transform-react-jsx-source/-/plugin-transform-react-jsx-source-7.29.7.tgz 5824ms (cache miss)
1118 http fetch GET 200 https://registry.npmjs.org/@babel/traverse/-/traverse-7.29.8.tgz 6133ms (cache miss)
1119 http fetch GET 200 https://registry.npmjs.org/@babel/plugin-transform-react-jsx-self/-/plugin-transform-react-jsx-self-7.29.7.tgz 6247ms (cache miss)
1120 http fetch GET 200 https://registry.npmjs.org/@rolldown/pluginutils/-/pluginutils-1.0.0-beta.27.tgz 7080ms (cache miss)
1121 http fetch GET 200 https://registry.npmjs.org/source-map-js/-/source-map-js-1.2.1.tgz 7466ms (cache miss)
1122 http fetch GET 200 https://registry.npmjs.org/@jridgewell/trace-mapping/-/trace-mapping-0.3.31.tgz 7567ms (cache miss)
1123 http fetch GET 200 https://registry.npmjs.org/graceful-fs/-/graceful-fs-4.2.11.tgz 7836ms (cache miss)
1124 http fetch GET 200 https://registry.npmjs.org/@jridgewell/resolve-uri/-/resolve-uri-3.1.2.tgz 8197ms (cache miss)
1125 http fetch GET 200 https://registry.npmjs.org/@jridgewell/sourcemap-codec/-/sourcemap-codec-1.6.0.tgz 8271ms (cache miss)
1126 http fetch GET 200 https://registry.npmjs.org/@jridgewell/gen-mapping/-/gen-mapping-0.3.13.tgz 8621ms (cache miss)
1127 http fetch GET 200 https://registry.npmjs.org/@tailwindcss/oxide/-/oxide-4.3.3.tgz 9319ms (cache miss)
1128 http fetch GET 200 https://registry.npmjs.org/@babel/helpers/-/helpers-7.29.7.tgz 10220ms (cache miss)
1129 http fetch GET 200 https://registry.npmjs.org/rollup/-/rollup-4.63.5.tgz 10409ms (cache miss)
1130 http fetch GET 200 https://registry.npmjs.org/@jridgewell/remapping/-/remapping-2.3.5.tgz 10854ms (cache miss)
1131 http fetch GET 200 https://registry.npmjs.org/lightningcss/-/lightningcss-1.32.0.tgz 11017ms (cache miss)
1132 http fetch GET 200 https://registry.npmjs.org/magic-string/-/magic-string-0.30.21.tgz 11421ms (cache miss)
1133 http fetch GET 200 https://registry.npmjs.org/@babel/parser/-/parser-7.29.9.tgz 11613ms (cache miss)
1134 http fetch GET 200 https://registry.npmjs.org/@tailwindcss/node/-/node-4.3.3.tgz 11609ms (cache miss)
1135 http fetch GET 200 https://registry.npmjs.org/@vitejs/plugin-react/-/plugin-react-4.7.0.tgz 12080ms (cache miss)
1136 http fetch GET 200 https://registry.npmjs.org/@rollup/rollup-win32-x64-gnu/-/rollup-win32-x64-gnu-4.63.5.tgz 12288ms (cache miss)
1137 http fetch GET 200 https://registry.npmjs.org/react/-/react-19.3.0.tgz 12755ms (cache miss)
1138 http fetch GET 200 https://registry.npmjs.org/@tailwindcss/vite/-/vite-4.3.3.tgz 12790ms (cache miss)
1139 http fetch GET 200 https://registry.npmjs.org/@babel/generator/-/generator-7.29.8.tgz 13041ms (cache miss)
1140 http fetch GET 200 https://registry.npmjs.org/@babel/types/-/types-7.29.8.tgz 13544ms (cache miss)
1141 http fetch GET 200 https://registry.npmjs.org/@babel/core/-/core-7.29.7.tgz 14174ms (cache miss)
1142 http fetch GET 200 https://registry.npmjs.org/enhanced-resolve/-/enhanced-resolve-5.25.1.tgz 14199ms (cache miss)
1143 http fetch GET 200 https://registry.npmjs.org/tailwindcss/-/tailwindcss-4.3.3.tgz 15427ms (cache miss)
1144 http fetch GET 200 https://registry.npmjs.org/jiti/-/jiti-2.7.0.tgz 16264ms (cache miss)
1145 http fetch GET 200 https://registry.npmjs.org/@rollup/rollup-win32-x64-msvc/-/rollup-win32-x64-msvc-4.63.5.tgz 16295ms (cache miss)
1146 http fetch GET 200 https://registry.npmjs.org/vite/-/vite-6.4.3.tgz 19764ms (cache miss)
1147 http fetch GET 200 https://registry.npmjs.org/@tailwindcss/oxide-win32-x64-msvc/-/oxide-win32-x64-msvc-4.3.3.tgz 24454ms (cache miss)
1148 http fetch GET 200 https://registry.npmjs.org/react-dom/-/react-dom-19.3.0.tgz 29066ms (cache miss)
1149 http fetch GET 200 https://registry.npmjs.org/lightningcss-win32-x64-msvc/-/lightningcss-win32-x64-msvc-1.32.0.tgz 32578ms (cache miss)
1150 http fetch GET 200 https://registry.npmjs.org/@esbuild/win32-x64/-/win32-x64-0.25.12.tgz 40724ms (cache miss)
1151 info run esbuild@0.25.12 postinstall node_modules/esbuild node install.js
1152 info run esbuild@0.25.12 postinstall { code: 0, signal: null }
1153 silly ADD node_modules/@types/estree
1154 silly ADD node_modules/@rollup/rollup-win32-x64-msvc
1155 silly ADD node_modules/@rollup/rollup-win32-x64-gnu
1156 silly ADD
1157 silly ADD
1158 silly ADD
1159 silly ADD
1160 silly ADD
1161 silly ADD
1162 silly ADD
1163 silly ADD
1164 silly ADD
1165 silly ADD
1166 silly ADD
1167 silly ADD
1168 silly ADD
1169 silly ADD
1170 silly ADD
1171 silly ADD
1172 silly ADD
1173 silly ADD
1174 silly ADD
1175 silly ADD
1176 silly ADD
1177 silly ADD
1178 silly ADD
1179 silly ADD
1180 silly ADD node_modules/nanoid
1181 silly ADD node_modules/@esbuild/win32-x64
1182 silly ADD
1183 silly ADD
1184 silly ADD
1185 silly ADD
1186 silly ADD
1187 silly ADD
1188 silly ADD
1189 silly ADD
1190 silly ADD
1191 silly ADD
1192 silly ADD
1193 silly ADD
1194 silly ADD
1195 silly ADD
1196 silly ADD
1197 silly ADD
1198 silly ADD
1199 silly ADD
1200 silly ADD
1201 silly ADD
1202 silly ADD
1203 silly ADD
1204 silly ADD
1205 silly ADD
1206 silly ADD
1207 silly ADD node_modules/tinyglobby
1208 silly ADD node_modules/rollup
1209 silly ADD node_modules/postcss
1210 silly ADD node_modules/picomatch
1211 silly ADD
1212 silly ADD node_modules/fdir
1213 silly ADD node_modules/esbuild
1214 silly ADD node_modules/escalade
1215 silly ADD node_modules/scheduler
1216 silly ADD node_modules/yallist
1217 silly ADD node_modules/lightningcss-win32-x64-msvc
1218 silly ADD
1219 silly ADD
1220 silly ADD
1221 silly ADD
1222 silly ADD
1223 silly ADD
1224 silly ADD
1225 silly ADD
1226 silly ADD
1227 silly ADD
1228 silly ADD node_modules/detect-libc
1229 silly ADD node_modules/tapable
1230 silly ADD node_modules/graceful-fs
1231 silly ADD node_modules/ms
1232 silly ADD node_modules/update-browserslist-db
1233 silly ADD node_modules/node-releases
1234 silly ADD node_modules/electron-to-chromium
1235 silly ADD node_modules/caniuse-lite
1236 silly ADD node_modules/baseline-browser-mapping
1237 silly ADD node_modules/@types/babel__traverse
1238 silly ADD node_modules/@types/babel__template
1239 silly ADD node_modules/@types/babel__generator
1240 silly ADD node_modules/@babel/helper-string-parser
1241 silly ADD node_modules/@babel/helper-globals
1242 silly ADD node_modules/@babel/helper-plugin-utils
1243 silly ADD node_modules/@babel/helper-module-imports
1244 silly ADD node_modules/lru-cache
1245 silly ADD node_modules/browserslist
1246 silly ADD node_modules/@babel/helper-validator-option
1247 silly ADD node_modules/@babel/compat-data
1248 silly ADD node_modules/jsesc
1249 silly ADD node_modules/picocolors
1250 silly ADD node_modules/js-tokens
1251 silly ADD node_modules/@babel/helper-validator-identifier
1252 silly ADD node_modules/semver
1253 silly ADD node_modules/json5
1254 silly ADD node_modules/gensync
1255 silly ADD node_modules/debug
1256 silly ADD node_modules/convert-source-map
1257 silly ADD node_modules/@babel/types
1258 silly ADD node_modules/@babel/traverse
1259 silly ADD node_modules/@babel/template
1260 silly ADD node_modules/@babel/parser
1261 silly ADD node_modules/@babel/helpers
1262 silly ADD node_modules/@babel/helper-module-transforms
1263 silly ADD node_modules/@babel/helper-compilation-targets
1264 silly ADD node_modules/@babel/generator
1265 silly ADD node_modules/@babel/code-frame
1266 silly ADD node_modules/react-refresh
1267 silly ADD node_modules/@types/babel__core
1268 silly ADD node_modules/@rolldown/pluginutils
1269 silly ADD node_modules/@babel/plugin-transform-react-jsx-source
1270 silly ADD node_modules/@babel/plugin-transform-react-jsx-self
1271 silly ADD node_modules/@babel/core
1272 silly ADD node_modules/@tailwindcss/oxide-win32-x64-msvc
1273 silly ADD
1274 silly ADD
1275 silly ADD
1276 silly ADD
1277 silly ADD
1278 silly ADD
1279 silly ADD
1280 silly ADD
1281 silly ADD
1282 silly ADD
1283 silly ADD
1284 silly ADD node_modules/@jridgewell/resolve-uri
1285 silly ADD node_modules/@jridgewell/sourcemap-codec
1286 silly ADD node_modules/@jridgewell/trace-mapping
1287 silly ADD node_modules/@jridgewell/gen-mapping
1288 silly ADD node_modules/source-map-js
1289 silly ADD node_modules/magic-string
1290 silly ADD node_modules/lightningcss
1291 silly ADD node_modules/jiti
1292 silly ADD node_modules/enhanced-resolve
1293 silly ADD node_modules/@jridgewell/remapping
1294 silly ADD node_modules/@tailwindcss/oxide
1295 silly ADD node_modules/@tailwindcss/node
1296 silly ADD node_modules/tailwindcss
1297 silly ADD node_modules/react-dom
1298 silly ADD node_modules/react
1299 silly ADD node_modules/@vitejs/plugin-react
1300 silly ADD node_modules/vite
1301 silly ADD node_modules/@tailwindcss/vite
1302 verbose cwd C:\xampp\htdocs\sergio-portfolio\sergio-portfolio
1303 verbose os Windows_NT 10.0.26200
1304 verbose node v22.11.0
1305 verbose npm  v10.9.0
1306 notice
1306 notice New [31mmajor[39m version of npm available! [31m10.9.0[39m -> [34m12.1.0[39m
1306 notice Changelog: [34mhttps://github.com/npm/cli/releases/tag/v12.1.0[39m
1306 notice To update run: [4mnpm install -g npm@12.1.0[24m
1306 notice  { force: true, [Symbol(proc-log.meta)]: true }
1307 verbose exit 0
1308 info ok
